NIM,Program Studi : ,IPK Terakhir : ,Jenis Kelamin,Tinggi Badan : ,Berat Badan : ,Pendidikan terakhir ,Rata-rata belajar perminggu (dalam jam) : ,Apakah penerima beasiswa : ,"Asal Daerah (Kota beserta Provinsi) : 
Ex : Padang, Sumatera Barat ",Pekerjaan saat ini (selain kuliah) ,Akses Internet (yang paling sering digunakan) ,Keterlibatan Organisai ,"Uang Saku : 
(yang diberikan oleh orangtua)","Jenis Tempat Tinggal : 
(Tempat tinggal saat ini) ",Jarak rumah dari kampus ITERA :  ,Jenis pekerjaan Ayah : ,Jenis pekerjaan Ibu : ,Pendapatan Orangtua : ,Jumlah Anggota Keluarga : ,Pekerjaan Orang Tua
1,Sains Data,4,Laki-laki,160,50,SMA,3,Tidak,"Lampung utara, lampung",Tidak bekerja,Paket Data Seluler,Aktif kegiatan akademik,500k s.d 1 jt,Asrama,< 1 km,Petani/ Nelayan,Ibu Rumah Tangga,< 1jt,4,Petani/ Nelayan & Ibu Rumah Tangga
2,Matematika,3.8,Laki-laki,169,57,SMA,48,Tidak,Lampung ,Tidak bekerja,Wi-Fi pribadi,Tidak Aktif,500k s.d 1 jt,Kos,< 1 km,Wiraswata,Ibu Rumah Tangga,3 jt - 5jt,3,Wiraswata & Ibu Rumah Tangga
3,Sains Data,3.4,Perempuan,150,39,SMA,18,Tidak,"Pringsewu, Lampung ",Tidak bekerja,Paket Data Seluler,Aktif organisasi kemahasiswaan,500k s.d 1 jt,Kos,1 km - 2 km,Wiraswata,Ibu Rumah Tangga,< 1jt,5,Wiraswata & Ibu Rumah Tangga
4,Sains Data,3.86,Laki-laki,170,65,SMA,4,Tidak,"Lampung Tengah, Lampung ",Tidak bekerja,Paket Data Seluler,Aktif organisasi kemahasiswaan,500k s.d 1 jt,Kos,1 km - 2 km,Petani/ Nelayan,Ibu Rumah Tangga,1jt - 3jt,4,Petani/ Nelayan & Ibu Rumah Tangga
5,Sains Data,3.97,Laki-laki,170,63,SMA,30,Tidak,"Lampung Tengah,Lampung",Tidak bekerja,Wi-Fi pribadi,Tidak Aktif,"1 jt s.d 1,5 jt",Kos,1 km - 2 km,Wiraswata,PNS,7 jt - 9 jt,6,Wiraswata & PNS
6,Sains Data,3.35,Perempuan,154,40,SMA,3,Tidak,"Lampung Tengah, Lampung",Tidak bekerja,Paket Data Seluler,Lainnya,500k s.d 1 jt,Rumah mengontrak bersama-sama,< 1 km,Petani/ Nelayan,PNS,1jt - 3jt,6,Petani/ Nelayan & PNS
7,Sains Data,3.06,Perempuan,157,45,SMA,10,Tidak,"Bandar Lampung, Lampung ",Tidak bekerja,Paket Data Seluler,Tidak Aktif,"1 jt s.d 1,5 jt",Tinggal besama orangtua,> 5 km,Karyawan Swasta,Ibu Rumah Tangga,3 jt - 5jt,4,Karyawan Swasta & Ibu Rumah Tangga
8,Sains Data,2.78,Laki-laki,115,56,SMA,4,Tidak,"Kota Bekasi, Jawa Barat",Tidak bekerja,Paket Data Seluler,Aktif organisasi kemahasiswaan,"1 jt s.d 1,5 jt",Kos,3 km - 4 km,Karyawan Swasta,Ibu Rumah Tangga,3 jt - 5jt,4,Karyawan Swasta & Ibu Rumah Tangga
9,Rekayasa Tata Kelola Air Terpadu,3.18,Perempuan,153,44,SMA,4,Ya,"Kalirejo, Lampung Tengah, Lampung ",Tidak bekerja,Paket Data Seluler,Aktif organisasi kemahasiswaan,500k s.d 1 jt,Rumah mengontrak bersama-sama,2 km - 3 km,Petani/ Nelayan,Petani/ Nelayan,< 1jt,6,Petani/ Nelayan & Petani/ Nelayan
10,Sains Data,3.15,Perempuan,155,50,SMA,30,Ya,"Lampung Tengah, Lampung",Tidak bekerja,Fasilitas Kampus,Aktif organisasi kemahasiswaan,500k s.d 1 jt,Kos,> 5 km,Petani/ Nelayan,Ibu Rumah Tangga,< 1jt,4,Petani/ Nelayan & Ibu Rumah Tangga
11,Sains Data,3.43,Laki-laki,176,62,SMA,11,Tidak,"Lampung Tengah, Lampung ",Tidak bekerja,Paket Data Seluler,Aktif organisasi kemahasiswaan,500k s.d 1 jt,Kos,3 km - 4 km,PNS,Ibu Rumah Tangga,5 jt - 7 jt,6,PNS & Ibu Rumah Tangga
12,Sains Data,3.07,Laki-laki,168,68,SMA,40,Tidak,"Lampung Timur, Lampung ",Paruh Waktu,Fasilitas Kampus,Tidak Aktif,500k s.d 1 jt,Rumah mengontrak bersama-sama,2 km - 3 km,Lainnya,Lainnya,3 jt - 5jt,9,Lainnya & Lainnya
13,Sains Data,2.89,Laki-laki,167,58,SMA,5,Tidak,"Padang,Sumatera Barat",Tidak bekerja,Paket Data Seluler,Tidak Aktif,"1 jt s.d 1,5 jt",Kos,1 km - 2 km,Karyawan Swasta,Lainnya,1jt - 3jt,6,Karyawan Swasta & Lainnya
14,Sains Data,3.26,Perempuan,150,58,SMA,8,Ya,"Tulang Bawang, Lampung ",Tidak bekerja,Wi-Fi pribadi,Aktif organisasi kemahasiswaan,500k s.d 1 jt,Kos,1 km - 2 km,Petani/ Nelayan,Lainnya,1jt - 3jt,4,Petani/ Nelayan & Lainnya
15,Sains Data,4,Laki-laki,166,56,SMK,10,Tidak,Lampung,Tidak bekerja,Paket Data Seluler,Aktif organisasi kemahasiswaan,500k s.d 1 jt,Tinggal besama orangtua,> 5 km,Pensiunan,PNS,5 jt - 7 jt,5,Pensiunan & PNS
16,Sains Data,4,Perempuan,155,40,SMA,3,Tidak,"Padang, Sumatera Barat",Tidak bekerja,Fasilitas Kampus,Tidak Aktif,500k s.d 1 jt,Kos,< 1 km,Karyawan Swasta,Ibu Rumah Tangga,1jt - 3jt,6,Karyawan Swasta & Ibu Rumah Tangga
17,Sains Data,2.85,Perempuan,165,59,SMA,24,Tidak,"Metro, Lampung ",Paruh Waktu,Paket Data Seluler,Aktif organisasi kemahasiswaan,500k s.d 1 jt,Tinggal besama orangtua,> 5 km,Petani/ Nelayan,Petani/ Nelayan,1jt - 3jt,4,Petani/ Nelayan & Petani/ Nelayan
18,Sains Data,3,Perempuan,150,41,SMA,60,Tidak,"way kanan, lampung utara",Tidak bekerja,Paket Data Seluler,Aktif organisasi kemahasiswaan,"1 jt s.d 1,5 jt",Tinggal besama orangtua,> 5 km,Wiraswata,Ibu Rumah Tangga,7 jt - 9 jt,4,Wiraswata & Ibu Rumah Tangga
19,Sains Data,3,Laki-laki,167,59,SMA,16,Tidak,"Bandar Lampung, Lampung",Tidak bekerja,Wi-Fi pribadi,Lainnya,"1 jt s.d 1,5 jt",Tinggal besama orangtua,> 5 km,Wiraswata,Ibu Rumah Tangga,7 jt - 9 jt,3,Wiraswata & Ibu Rumah Tangga
26,Sains Data,3.03,Laki-laki,175,70,SMA,6,Tidak,"Lampung Selatan, Lampung ",Tidak bekerja,Paket Data Seluler,Aktif kegiatan akademik,500k s.d 1 jt,Tinggal besama orangtua,> 5 km,Lainnya,Karyawan Swasta,3 jt - 5jt,3,Lainnya & Karyawan Swasta
27,Sains Data,3.49,Perempuan,157,85,SMA,15,Tidak,"Solok, Sumatera Barat ",Tidak bekerja,Paket Data Seluler,Tidak Aktif,500k s.d 1 jt,Kos,1 km - 2 km,Wiraswata,Ibu Rumah Tangga,1jt - 3jt,5,Wiraswata & Ibu Rumah Tangga
28,Teknik Informatika,3.38,Laki-laki,170,73,SMK,5,Tidak,"Bukittinggi, Sumatera Barat",Tidak bekerja,Wi-Fi pribadi,Aktif organisasi kemahasiswaan,500k s.d 1 jt,Kos,< 1 km,Lainnya,Ibu Rumah Tangga,1jt - 3jt,4,Lainnya & Ibu Rumah Tangga
29,Sains Data,3.89,Laki-laki,175,70,SMA,9,Tidak,"Lampung Tengah, Lampung ",Paruh Waktu,Paket Data Seluler,Tidak Aktif,"1 jt s.d 1,5 jt",Kos,> 5 km,Wiraswata,Ibu Rumah Tangga,1jt - 3jt,4,Wiraswata & Ibu Rumah Tangga
30,Sains Data,3.68,Laki-laki,168,59,SMA,2,Ya,"Pringsewu, Lampung ",Tidak bekerja,Paket Data Seluler,Aktif organisasi kemahasiswaan,500k s.d 1 jt,Rumah mengontrak bersama-sama,2 km - 3 km,Lainnya,Ibu Rumah Tangga,1jt - 3jt,4,Lainnya & Ibu Rumah Tangga
43,Rekayasa Instrumentasi Dan Automasi,3.64,Perempuan,155,44,SMA,10,Tidak,"Lampung Utara, Lampung",Tidak bekerja,Wi-Fi pribadi,Aktif organisasi kemahasiswaan,"1 jt s.d 1,5 jt",Kos,1 km - 2 km,Lainnya,Ibu Rumah Tangga,< 1jt,2,Lainnya & Ibu Rumah Tangga
44,Sains Data,3.78,Laki-laki,164,50,SMA,14,Ya,"Sibolga, Sumatera Utara",Tidak bekerja,Paket Data Seluler,Aktif organisasi kemahasiswaan,500k s.d 1 jt,Kos,1 km - 2 km,Lainnya,Wiraswata,1jt - 3jt,3,Lainnya & Wiraswata
45,Sains Data,3.03,Laki-laki,167,87,SMA,4,Tidak,"Sukabumi, Jawa Barat",Tidak bekerja,Paket Data Seluler,Aktif organisasi kemahasiswaan,500k s.d 1 jt,Kos,3 km - 4 km,Pensiunan,Ibu Rumah Tangga,< 1jt,5,Pensiunan & Ibu Rumah Tangga
46,Sains Data,3.47,Laki-laki,175,58,SMA,3,Tidak,"Kotabumi, Lampung Utara",Tidak bekerja,Wi-Fi pribadi,Aktif organisasi kemahasiswaan,500k s.d 1 jt,Kos,2 km - 3 km,Wiraswata,Wiraswata,1jt - 3jt,4,Wiraswata & Wiraswata
48,Sains Data,3.37,Laki-laki,163,47,SMK,1,Ya,"Agam, Sumatera Barat ",Tidak bekerja,Fasilitas Kampus,Lainnya,500k s.d 1 jt,Kos,2 km - 3 km,Wiraswata,Ibu Rumah Tangga,1jt - 3jt,8,Wiraswata & Ibu Rumah Tangga
51,Sains Data,3.2,Perempuan,164,54,SMA,1,Tidak,"Bandar Lampung, Lampung",Tidak bekerja,Wi-Fi pribadi,Aktif organisasi kemahasiswaan,"1 jt s.d 1,5 jt",Tinggal besama orangtua,3 km - 4 km,PNS,Pensiunan,7 jt - 9 jt,6,PNS & Pensiunan
53,Sains Data,3.51,Laki-laki,173,48,SMA,3,Tidak,"Lampung Utara, Lampung",Tidak bekerja,Paket Data Seluler,Lainnya,500k s.d 1 jt,Rumah mengontrak bersama-sama,> 5 km,PNS,PNS,5 jt - 7 jt,4,PNS & PNS
54,Sains Atmosfer Dan Keplanetan,3.2,Perempuan,143,36,SMA,5,Tidak,"Pekanbaru, Riau",Tidak bekerja,Paket Data Seluler,Aktif organisasi kemahasiswaan,500k s.d 1 jt,Kos,< 1 km,Wiraswata,Ibu Rumah Tangga,< 1jt,5,Wiraswata & Ibu Rumah Tangga
55,Teknik Biosistem,2.8,Perempuan,153,45,SMA,3,Tidak,"Balige, Sumatera Utara",Tidak bekerja,Paket Data Seluler,Tidak Aktif,500k s.d 1 jt,Asrama,< 1 km,Lainnya,Pensiunan,< 1jt,5,Lainnya & Pensiunan
56,Teknik Pertambangan,3.5,Laki-laki,170,60,SMK,3,Tidak,"Pekanbaru, Riau",Tidak bekerja,Paket Data Seluler,Aktif organisasi kemahasiswaan,"1 jt s.d 1,5 jt",Kos,1 km - 2 km,Wiraswata,Ibu Rumah Tangga,3 jt - 5jt,7,Wiraswata & Ibu Rumah Tangga
57,Teknik Geofisika,2.75,Perempuan,156,36,SMA,5,Tidak,"Pekanbaru, Riau",Tidak bekerja,Wi-Fi pribadi,Aktif kegiatan akademik,"1,5 jt s.d 2 jt",Rumah mengontrak bersama-sama,< 1 km,Wiraswata,Ibu Rumah Tangga,5 jt - 7 jt,6,Wiraswata & Ibu Rumah Tangga
58,Teknik Biomedis,3,Perempuan,156,38,SMA,4,Tidak,"Medan, Sumatera Utara ",Tidak bekerja,Wi-Fi pribadi,Aktif organisasi kemahasiswaan,> 2 jt,Rumah mengontrak bersama-sama,< 1 km,Lainnya,Ibu Rumah Tangga,5 jt - 7 jt,5,Lainnya & Ibu Rumah Tangga
59,Teknik Telekomunikasi,3.28,Perempuan,160,43,SMA,48,Ya,"pesawaran, bandar lampung",Tidak bekerja,Lainnya,Lainnya,500k s.d 1 jt,Kos,3 km - 4 km,Lainnya,Ibu Rumah Tangga,< 1jt,3,Lainnya & Ibu Rumah Tangga
61,Teknik Elektro,3.39,Laki-laki,174,72,SMA,8,Tidak,"Batam, Kepulauan Riau",Tidak bekerja,Wi-Fi pribadi,Aktif organisasi kemahasiswaan,"1 jt s.d 1,5 jt",Rumah mengontrak bersama-sama,> 5 km,Lainnya,Lainnya,1jt - 3jt,6,Lainnya & Lainnya
62,Arsitektur Lanskap,3.49,Perempuan,145,33,SMA,60,Tidak,"Pekalongan, Lampung Timur",Tidak bekerja,Wi-Fi pribadi,Aktif organisasi kemahasiswaan,500k s.d 1 jt,Kos,> 5 km,Wiraswata,Ibu Rumah Tangga,1jt - 3jt,5,Wiraswata & Ibu Rumah Tangga
63,Sains Aktuaria,3,Perempuan,160,51,SMA,5,Tidak,"Metro, Lampung",Tidak bekerja,Wi-Fi pribadi,Aktif organisasi kemahasiswaan,500k s.d 1 jt,Rumah mengontrak bersama-sama,3 km - 4 km,Karyawan Swasta,Ibu Rumah Tangga,3 jt - 5jt,5,Karyawan Swasta & Ibu Rumah Tangga
64,Sains Data,3.31,Perempuan,160,50,SMA,20,Tidak,"ukui, Riau",Tidak bekerja,Wi-Fi pribadi,Lainnya,500k s.d 1 jt,Kos,1 km - 2 km,Wiraswata,Wiraswata,5 jt - 7 jt,7,Wiraswata & Wiraswata
65,Sains Aktuaria,3.71,Perempuan,155,40,SMA,3,Tidak,Metro lampung,Tidak bekerja,Wi-Fi pribadi,Tidak Aktif,500k s.d 1 jt,Kos,< 1 km,Karyawan Swasta,Lainnya,3 jt - 5jt,5,Karyawan Swasta & Lainnya
66,Sains Data,3.14,Laki-laki,173,52,SMA,17,Tidak,"Kalianda, Lampung Selatan",Paruh Waktu,Wi-Fi pribadi,Lainnya,500k s.d 1 jt,Rumah mengontrak bersama-sama,< 1 km,Petani/ Nelayan,Ibu Rumah Tangga,< 1jt,5,Petani/ Nelayan & Ibu Rumah Tangga
69,Sains Data,3.22,Perempuan,157,45,SMA,15,Tidak,"Kota Jambi, Jambi",Tidak bekerja,Paket Data Seluler,Aktif organisasi kemahasiswaan,500k s.d 1 jt,Kos,2 km - 3 km,Pensiunan,Ibu Rumah Tangga,1jt - 3jt,4,Pensiunan & Ibu Rumah Tangga
70,Rekayasa Kehutanan,3.22,Laki-laki,164,67,SMA,2,Tidak,"Lampung Tengah, Lampung ",Tidak bekerja,Wi-Fi pribadi,Aktif organisasi kemahasiswaan,500k s.d 1 jt,Rumah mengontrak bersama-sama,> 5 km,Wiraswata,Ibu Rumah Tangga,3 jt - 5jt,4,Wiraswata & Ibu Rumah Tangga
71,Rekayasa Keolahragaan,1.4,Laki-laki,155,55,SMA,1,Ya,Lampung tengah provinsi lampung,Tidak bekerja,Wi-Fi pribadi,Lainnya,500k s.d 1 jt,Kos,2 km - 3 km,Wiraswata,Ibu Rumah Tangga,< 1jt,4,Wiraswata & Ibu Rumah Tangga
72,Arsitektur Lanskap,3.5,Perempuan,160,40,SMA,60,Tidak,"Jambi, Sumatera bagian Selatan",Tidak bekerja,Paket Data Seluler,Aktif organisasi kemahasiswaan,"1 jt s.d 1,5 jt",Rumah mengontrak bersama-sama,> 5 km,Wiraswata,Ibu Rumah Tangga,3 jt - 5jt,4,Wiraswata & Ibu Rumah Tangga
74,Sains Aktuaria,3.79,Perempuan,153,45,SMA,1,Tidak,Lampung barat,Tidak bekerja,Paket Data Seluler,Aktif organisasi kemahasiswaan,"1 jt s.d 1,5 jt",Kos,< 1 km,Petani/ Nelayan,Ibu Rumah Tangga,3 jt - 5jt,5,Petani/ Nelayan & Ibu Rumah Tangga
75,Arsitektur Lanskap,3.62,Perempuan,162,52,SMA,5,Ya,"tulang bawang,lampung",Tidak bekerja,Wi-Fi pribadi,Tidak Aktif,500k s.d 1 jt,Rumah mengontrak Pribadi,> 5 km,Wiraswata,Ibu Rumah Tangga,< 1jt,5,Wiraswata & Ibu Rumah Tangga
76,Sains Data,2.61,Laki-laki,170,95,SMA,10,Tidak,"Jakarta Utara, DKI Jakarta",Tidak bekerja,Paket Data Seluler,Aktif organisasi kemahasiswaan,500k s.d 1 jt,Kos,1 km - 2 km,PNS,PNS,3 jt - 5jt,6,PNS & PNS
77,Sains Data,3.29,Laki-laki,172,53,SMA,6,Tidak,"Curup, Bengkulu",Tidak bekerja,Wi-Fi pribadi,Aktif organisasi kemahasiswaan,500k s.d 1 jt,Rumah mengontrak Pribadi,3 km - 4 km,PNS,Ibu Rumah Tangga,1jt - 3jt,5,PNS & Ibu Rumah Tangga
78,Sains Data,3.5,Laki-laki,170,60,SMA,4,Ya,"Payakumbuh, Sumatera Barat",Tidak bekerja,Paket Data Seluler,Aktif organisasi kemahasiswaan,500k s.d 1 jt,Kos,1 km - 2 km,Petani/ Nelayan,Ibu Rumah Tangga,1jt - 3jt,5,Petani/ Nelayan & Ibu Rumah Tangga
79,Teknik Mesin,3.33,Laki-laki,169,55,SMA,0,Tidak,"Bandar Lampung, Lampung",Tidak bekerja,Wi-Fi pribadi,Aktif organisasi kemahasiswaan,500k s.d 1 jt,Tinggal besama orangtua,3 km - 4 km,Pensiunan,Ibu Rumah Tangga,3 jt - 5jt,5,Pensiunan & Ibu Rumah Tangga
80,Sains Data,3.79,Perempuan,155,54,SMA,14,Tidak,Lampung barat,Tidak bekerja,Paket Data Seluler,Aktif organisasi kemahasiswaan,"1 jt s.d 1,5 jt",Kos,< 1 km,Wiraswata,Ibu Rumah Tangga,1jt - 3jt,5,Wiraswata & Ibu Rumah Tangga
81,Sains Data,3.36,Perempuan,145,43,SMA,3,Tidak,"Pariaman, Sumatera Barat ",Tidak bekerja,Paket Data Seluler,Aktif organisasi kemahasiswaan,500k s.d 1 jt,Rumah mengontrak bersama-sama,< 1 km,Petani/ Nelayan,Ibu Rumah Tangga,1jt - 3jt,6,Petani/ Nelayan & Ibu Rumah Tangga
82,Sains Data,3.35,Laki-laki,171,69,SMA,14,Tidak,"Bandar Lampung, Lampung ",Tidak bekerja,Paket Data Seluler,Lainnya,500k s.d 1 jt,Tinggal besama orangtua,> 5 km,Wiraswata,Ibu Rumah Tangga,3 jt - 5jt,6,Wiraswata & Ibu Rumah Tangga
83,Teknik Perkeretaapian,3.56,Laki-laki,163,47,SMA,10,Ya,"Medan, Sumatera Utara ",Tidak bekerja,Paket Data Seluler,Aktif organisasi kemahasiswaan,"1 jt s.d 1,5 jt",Kos,1 km - 2 km,Petani/ Nelayan,Petani/ Nelayan,1jt - 3jt,4,Petani/ Nelayan & Petani/ Nelayan
84,Sains Data,3.79,Perempuan,155,50,SMA,12,Tidak,"Lampung barat,lampung",Tidak bekerja,Paket Data Seluler,Aktif organisasi kemahasiswaan,500k s.d 1 jt,Kos,< 1 km,Wiraswata,Ibu Rumah Tangga,3 jt - 5jt,5,Wiraswata & Ibu Rumah Tangga
85,Sains Data,3.38,Laki-laki,165,57,SMA,40,Tidak,"Doloksanggul , Sumatera Utara",Tidak bekerja,Paket Data Seluler,Lainnya,500k s.d 1 jt,Rumah mengontrak bersama-sama,> 5 km,Lainnya,Petani/ Nelayan,1jt - 3jt,4,Lainnya & Petani/ Nelayan
86,Teknik Geofisika,3.5,Laki-laki,176,96,SMA,10,Tidak,"Simalungun,Sumatera Utara",Tidak bekerja,Fasilitas Kampus,Aktif organisasi kemahasiswaan,500k s.d 1 jt,Kos,1 km - 2 km,Petani/ Nelayan,Petani/ Nelayan,1jt - 3jt,5,Petani/ Nelayan & Petani/ Nelayan
87,Arsitektur,3.04,Perempuan,157,70,SMA,21,Tidak,"Kotabumi, LAMPUNG",Tidak bekerja,Paket Data Seluler,Tidak Aktif,"1 jt s.d 1,5 jt",Kos,> 5 km,Wiraswata,Ibu Rumah Tangga,1jt - 3jt,3,Wiraswata & Ibu Rumah Tangga
88,Sains Data,4,Perempuan,150,60,SMA,3,Tidak,"Pringsewu, Lampung",Tidak bekerja,Paket Data Seluler,Aktif organisasi kemahasiswaan,"1 jt s.d 1,5 jt",Kos,1 km - 2 km,Lainnya,Lainnya,1jt - 3jt,3,Lainnya & Lainnya
89,Sains Data,3.2,Laki-laki,176,62,SMA,4,Tidak,"Bekasi, Jawa Barat",Tidak bekerja,Wi-Fi pribadi,Lainnya,"1 jt s.d 1,5 jt",Kos,2 km - 3 km,Lainnya,Ibu Rumah Tangga,3 jt - 5jt,5,Lainnya & Ibu Rumah Tangga
90,Sains Data,3.58,Laki-laki,165,65,SMA,3,Tidak,"Baturaja, Sumatera Selatan",Tidak bekerja,Paket Data Seluler,Aktif organisasi kemahasiswaan,"1 jt s.d 1,5 jt",Kos,2 km - 3 km,Lainnya,Ibu Rumah Tangga,5 jt - 7 jt,5,Lainnya & Ibu Rumah Tangga
92,Sains Data,3.83,Laki-laki,176,65,SMA,15,Tidak,"Tangerang, Banten",Paruh Waktu,Wi-Fi pribadi,Aktif organisasi kemahasiswaan,500k s.d 1 jt,Tinggal besama orangtua,> 5 km,Wiraswata,Lainnya,5 jt - 7 jt,4,Wiraswata & Lainnya
93,Sains Data,3.81,Laki-laki,177,96,SMA,12,Tidak,"Bandar Lampung, Lampung",Tidak bekerja,Wi-Fi pribadi,Aktif organisasi kemahasiswaan,500k s.d 1 jt,Tinggal besama orangtua,> 5 km,Wiraswata,PNS,5 jt - 7 jt,5,Wiraswata & PNS
94,Sains Data,2.95,Perempuan,165,55,SMA,10,Tidak,"Bandar Lampung, Lampung",Tidak bekerja,Wi-Fi pribadi,Aktif organisasi kemahasiswaan,500k s.d 1 jt,Tinggal besama orangtua,> 5 km,Wiraswata,Ibu Rumah Tangga,> 9jt,6,Wiraswata & Ibu Rumah Tangga
95,Sains Data,3.81,Perempuan,152,43,SMA,9,Tidak,"Palembang, Sumatera Selatan",Tidak bekerja,Paket Data Seluler,Lainnya,"1 jt s.d 1,5 jt",Kos,< 1 km,Wiraswata,Ibu Rumah Tangga,1jt - 3jt,5,Wiraswata & Ibu Rumah Tangga
96,Sains Atmosfer Dan Keplanetan,2.78,Perempuan,168,53,SMA,15,Tidak,"Bandung, Jawa Barat",Tidak bekerja,Lainnya,Aktif organisasi kemahasiswaan,500k s.d 1 jt,Kos,1 km - 2 km,Karyawan Swasta,Karyawan Swasta,< 1jt,6,Karyawan Swasta & Karyawan Swasta
97,Arsitektur,3.95,Perempuan,156,42,SMA,8,Tidak,"Serang, Banten",Tidak bekerja,Paket Data Seluler,Tidak Aktif,> 2 jt,Kos,1 km - 2 km,Karyawan Swasta,Ibu Rumah Tangga,3 jt - 5jt,4,Karyawan Swasta & Ibu Rumah Tangga
98,Sains Data,3.07,Laki-laki,165,58,SMA,5,Ya,"Dharmasraya, Sumatera Barat ",Tidak bekerja,Paket Data Seluler,Aktif organisasi kemahasiswaan,500k s.d 1 jt,Kos,1 km - 2 km,Petani/ Nelayan,Ibu Rumah Tangga,1jt - 3jt,4,Petani/ Nelayan & Ibu Rumah Tangga
99,Sains Data,3.38,Perempuan,151,47,SMA,2,Tidak,Lampung Selatan,Tidak bekerja,Fasilitas Kampus,Aktif organisasi kemahasiswaan,"1 jt s.d 1,5 jt",Tinggal besama orangtua,> 5 km,Pensiunan,Ibu Rumah Tangga,1jt - 3jt,5,Pensiunan & Ibu Rumah Tangga
100,Sains Data,2.7,Laki-laki,178,65,SMA,7,Tidak,"Bandar Lampung, Lampung",Tidak bekerja,Wi-Fi pribadi,Tidak Aktif,500k s.d 1 jt,Tinggal besama orangtua,> 5 km,Karyawan Swasta,Ibu Rumah Tangga,> 9jt,4,Karyawan Swasta & Ibu Rumah Tangga
101,Teknologi Pangan,3.51,Perempuan,157,59,SMA,56,Tidak,"Pringsewu, Lampung",Tidak bekerja,Wi-Fi pribadi,Aktif organisasi kemahasiswaan,"1 jt s.d 1,5 jt",Kos,< 1 km,Wiraswata,Ibu Rumah Tangga,5 jt - 7 jt,6,Wiraswata & Ibu Rumah Tangga
102,Teknik Pertambangan,3,Perempuan,150,50,SMA,14,Tidak,"Pringsewu, lampung",Tidak bekerja,Wi-Fi pribadi,Aktif organisasi kemahasiswaan,500k s.d 1 jt,Kos,1 km - 2 km,Lainnya,Ibu Rumah Tangga,1jt - 3jt,5,Lainnya & Ibu Rumah Tangga
103,Sains Lingkungan Kelautan,3.17,Perempuan,158,54,SMA,50,Ya,"Pringsewu, lampung",Tidak bekerja,Wi-Fi pribadi,Aktif organisasi kemahasiswaan,500k s.d 1 jt,Rumah mengontrak bersama-sama,< 1 km,Petani/ Nelayan,Lainnya,< 1jt,4,Petani/ Nelayan & Lainnya
105,Sains Data,3.47,Perempuan,168,68,SMA,2,Tidak,"Kotagajah,lampung tengah",Tidak bekerja,Paket Data Seluler,Aktif organisasi kemahasiswaan,500k s.d 1 jt,Kos,> 5 km,Wiraswata,Wiraswata,1jt - 3jt,4,Wiraswata & Wiraswata
106,Sains Data,3.31,Perempuan,159,56,SMA,8,Ya,Lampung ,Tidak bekerja,Paket Data Seluler,Lainnya,500k s.d 1 jt,Tinggal besama orangtua,> 5 km,Lainnya,Ibu Rumah Tangga,< 1jt,3,Lainnya & Ibu Rumah Tangga
108,Teknologi Pangan,3.81,Perempuan,163,80,SMA,8,Tidak,"Pringsewu, Lampung",Tidak bekerja,Paket Data Seluler,Tidak Aktif,500k s.d 1 jt,Kos,> 5 km,Lainnya,Ibu Rumah Tangga,1jt - 3jt,3,Lainnya & Ibu Rumah Tangga
110,Teknik Pertambangan,3.2,Perempuan,165,46,SMA,25,Tidak,"Lampung, Lampung utaraa ",Tidak bekerja,Paket Data Seluler,Aktif organisasi kemahasiswaan,> 2 jt,Kos,1 km - 2 km,PNS,PNS,> 9jt,5,PNS & PNS
111,Teknik Geologi,3.6,Perempuan,156,51,SMA,7,Tidak,"karo, sumatera utara",Tidak bekerja,Paket Data Seluler,Aktif organisasi kemahasiswaan,"1,5 jt s.d 2 jt",Kos,3 km - 4 km,Wiraswata,PNS,> 9jt,6,Wiraswata & PNS
112,Sains Data,3.54,Perempuan,155,70,SMA,5,Tidak,"Kabupaten Agam, Sumatera Barat",Tidak bekerja,Lainnya,Tidak Aktif,"1 jt s.d 1,5 jt",Kos,1 km - 2 km,PNS,PNS,3 jt - 5jt,6,PNS & PNS
113,Sains Data,3.5,Perempuan,157,52,SMA,10,Tidak,"jabung,lampung timur",Tidak bekerja,Paket Data Seluler,Aktif organisasi kemahasiswaan,500k s.d 1 jt,Tinggal besama orangtua,> 5 km,Lainnya,Pensiunan,< 1jt,4,Lainnya & Pensiunan
114,Sains Data,3.1,Laki-laki,159,90,SMK,8,Tidak,"Metro Kibang, Lampung Timur",Tidak bekerja,Wi-Fi pribadi,Aktif kegiatan akademik,500k s.d 1 jt,Tinggal besama orangtua,> 5 km,Wiraswata,Pensiunan,1jt - 3jt,4,Wiraswata & Pensiunan
115,Perencanaan Wilayah Dan Kota,3,Perempuan,155,55,SMA,14,Tidak,"Kota lubuklinggau, Sumatera selatan",Tidak bekerja,Wi-Fi pribadi,Aktif kegiatan akademik,"1,5 jt s.d 2 jt",Kos,1 km - 2 km,PNS,Ibu Rumah Tangga,7 jt - 9 jt,6,PNS & Ibu Rumah Tangga
116,Kimia,2.8,Laki-laki,169,105,SMK,5,Tidak,"Bandar Lampung, Lampung",Tidak bekerja,Paket Data Seluler,Lainnya,500k s.d 1 jt,Tinggal besama orangtua,3 km - 4 km,Petani/ Nelayan,Ibu Rumah Tangga,< 1jt,5,Petani/ Nelayan & Ibu Rumah Tangga
118,Sains Data,3.75,Perempuan,155,52,SMA,2,Tidak,"Kotabumi, Lampung Utara",Tidak bekerja,Paket Data Seluler,Aktif organisasi kemahasiswaan,"1,5 jt s.d 2 jt",Kos,< 1 km,PNS,PNS,1jt - 3jt,5,PNS & PNS
119,Kimia,3.94,Perempuan,150,50,SMA,8,Ya,"Lampung Tengah, Lampung",Tidak bekerja,Wi-Fi pribadi,Tidak Aktif,500k s.d 1 jt,Kos,1 km - 2 km,Petani/ Nelayan,Ibu Rumah Tangga,1jt - 3jt,4,Petani/ Nelayan & Ibu Rumah Tangga
123,Sains Data,3.25,Perempuan,154,58,SMA,6,Ya,"Lampung Barat, Lampung",Tidak bekerja,Wi-Fi pribadi,Aktif kegiatan akademik,500k s.d 1 jt,Kos,1 km - 2 km,Petani/ Nelayan,Ibu Rumah Tangga,< 1jt,4,Petani/ Nelayan & Ibu Rumah Tangga
125,Sains Data,3.24,Perempuan,152,45,SMA,7,Tidak,"Bukittinggi, Sumatera Barat",Tidak bekerja,Paket Data Seluler,Aktif organisasi kemahasiswaan,"1,5 jt s.d 2 jt",Kos,2 km - 3 km,Karyawan Swasta,PNS,5 jt - 7 jt,4,Karyawan Swasta & PNS
126,Sains Data,3.4,Perempuan,161,52,SMA,0,Tidak,"Tulang Bawang Barat , Lampung",Tidak bekerja,Paket Data Seluler,Lainnya,500k s.d 1 jt,Rumah mengontrak bersama-sama,> 5 km,Petani/ Nelayan,Ibu Rumah Tangga,1jt - 3jt,4,Petani/ Nelayan & Ibu Rumah Tangga
127,Teknik Industri,3.3,Laki-laki,170,60,SMA,2,Tidak,Lampung Timur,Tidak bekerja,Paket Data Seluler,Lainnya,500k s.d 1 jt,Rumah mengontrak Pribadi,> 5 km,Karyawan Swasta,Ibu Rumah Tangga,3 jt - 5jt,5,Karyawan Swasta & Ibu Rumah Tangga
128,Sains Data,3.13,Perempuan,150,48,SMA,3,Ya,Bengkulu Selatan ,Tidak bekerja,Wi-Fi pribadi,Aktif organisasi kemahasiswaan,500k s.d 1 jt,Kos,< 1 km,Petani/ Nelayan,Ibu Rumah Tangga,< 1jt,4,Petani/ Nelayan & Ibu Rumah Tangga
129,Sains Aktuaria,3.02,Perempuan,153,53,SMA,10,Tidak,Sumatera Utara ,Tidak bekerja,Fasilitas Kampus,Aktif organisasi kemahasiswaan,"1 jt s.d 1,5 jt",Kos,1 km - 2 km,Wiraswata,Wiraswata,1jt - 3jt,6,Wiraswata & Wiraswata
130,Pariwisata,3.4,Laki-laki,170,98,SMA,2,Tidak,"Bandar Lampung, Lampung ",Tidak bekerja,Wi-Fi pribadi,Lainnya,500k s.d 1 jt,Tinggal besama orangtua,> 5 km,PNS,Ibu Rumah Tangga,3 jt - 5jt,4,PNS & Ibu Rumah Tangga
131,Teknik Geofisika,3.28,Perempuan,152,49,SMA,5,Tidak,Balige Sumatra Utara ,Penuh Waktu,Paket Data Seluler,Aktif organisasi kemahasiswaan,500k s.d 1 jt,Rumah mengontrak bersama-sama,2 km - 3 km,PNS,Petani/ Nelayan,1jt - 3jt,7,PNS & Petani/ Nelayan
132,Teknik Geomatika,3,Perempuan,150,49,SMK,40,Ya,"Balige, Sumatera Utara ",Tidak bekerja,Wi-Fi pribadi,Aktif organisasi kemahasiswaan,500k s.d 1 jt,Kos,1 km - 2 km,Petani/ Nelayan,Petani/ Nelayan,< 1jt,6,Petani/ Nelayan & Petani/ Nelayan
133,Sains Atmosfer Dan Keplanetan,3.3,Perempuan,167,65,SMA,4,Tidak,"Bukittinggi, sumatera barat ",Tidak bekerja,Paket Data Seluler,Aktif organisasi kemahasiswaan,500k s.d 1 jt,Kos,1 km - 2 km,Lainnya,Ibu Rumah Tangga,1jt - 3jt,8,Lainnya & Ibu Rumah Tangga
134,Sains Data,3.44,Perempuan,150,40,SMA,7,Tidak,"Lampung Tengah, Lampung",Tidak bekerja,Paket Data Seluler,Aktif organisasi kemahasiswaan,500k s.d 1 jt,Kos,1 km - 2 km,PNS,Ibu Rumah Tangga,3 jt - 5jt,4,PNS & Ibu Rumah Tangga
135,Sains Atmosfer Dan Keplanetan,2.92,Perempuan,160,55,SMA,2,Ya,"Bogor, Jawa Barat",Tidak bekerja,Paket Data Seluler,Aktif organisasi kemahasiswaan,500k s.d 1 jt,Kos,1 km - 2 km,Karyawan Swasta,Lainnya,< 1jt,5,Karyawan Swasta & Lainnya
136,Sains Data,3.2,Perempuan,156,40,SMA,8,Tidak,"Payakumbuh, Sumatera Barat ",Tidak bekerja,Fasilitas Kampus,Lainnya,500k s.d 1 jt,Kos,1 km - 2 km,Petani/ Nelayan,Ibu Rumah Tangga,< 1jt,3,Petani/ Nelayan & Ibu Rumah Tangga
137,Sains Data,3.78,Laki-laki,165,45,SMA,7,Tidak,"Kalianda, Lampung Selatan ",Tidak bekerja,Paket Data Seluler,Aktif kegiatan akademik,500k s.d 1 jt,Rumah mengontrak Pribadi,> 5 km,PNS,PNS,3 jt - 5jt,5,PNS & PNS
138,Sains Data,2.76,Perempuan,155,48,SMA,1,Tidak,"Lampung Tengah, Lampung",Tidak bekerja,Paket Data Seluler,Aktif organisasi kemahasiswaan,500k s.d 1 jt,Kos,2 km - 3 km,Lainnya,Karyawan Swasta,3 jt - 5jt,3,Lainnya & Karyawan Swasta
139,Teknik Pertambangan,3.32,Perempuan,160,56,SMA,20,Ya,"Tebing Tinggi, Sumatera Utara",Tidak bekerja,Wi-Fi pribadi,Aktif organisasi kemahasiswaan,500k s.d 1 jt,Rumah mengontrak bersama-sama,> 5 km,PNS,Ibu Rumah Tangga,1jt - 3jt,5,PNS & Ibu Rumah Tangga
140,Sains Data,2.87,Perempuan,155,42,SMA,4,Tidak,"Pekanbaru, Riau",Tidak bekerja,Paket Data Seluler,Aktif kegiatan akademik,"1 jt s.d 1,5 jt",Kos,< 1 km,Lainnya,Ibu Rumah Tangga,< 1jt,2,Lainnya & Ibu Rumah Tangga
141,Sains Atmosfer Dan Keplanetan,3.34,Perempuan,159,49,SMA,2,Tidak,"Bukittinggi, sumatera barat",Tidak bekerja,Paket Data Seluler,Aktif organisasi kemahasiswaan,500k s.d 1 jt,Kos,1 km - 2 km,Lainnya,Ibu Rumah Tangga,< 1jt,3,Lainnya & Ibu Rumah Tangga
143,Fisika,2.67,Perempuan,150,40,SMA,5,Ya,Lampung,Tidak bekerja,Fasilitas Kampus,Aktif organisasi kemahasiswaan,500k s.d 1 jt,Kos,2 km - 3 km,Petani/ Nelayan,Lainnya,< 1jt,4,Petani/ Nelayan & Lainnya
145,Sains Data,3.5,Perempuan,160,47,SMA,1,Tidak,"Depok, Jawa Barat",Tidak bekerja,Paket Data Seluler,Tidak Aktif,"1 jt s.d 1,5 jt",Kos,< 1 km,Wiraswata,Ibu Rumah Tangga,3 jt - 5jt,4,Wiraswata & Ibu Rumah Tangga
146,Rekayasa Tata Kelola Air Terpadu,3.2,Perempuan,158,51,SMA,12,Tidak,"lampung tengah, lampung",Tidak bekerja,Paket Data Seluler,Aktif organisasi kemahasiswaan,"1 jt s.d 1,5 jt",Kos,> 5 km,Karyawan Swasta,Ibu Rumah Tangga,1jt - 3jt,5,Karyawan Swasta & Ibu Rumah Tangga
147,Arsitektur,3.5,Laki-laki,165,50,SMA,5,Tidak,"Lampung Selatan, Lampung ",Tidak bekerja,Wi-Fi pribadi,Tidak Aktif,500k s.d 1 jt,Tinggal besama orangtua,> 5 km,Lainnya,Ibu Rumah Tangga,1jt - 3jt,3,Lainnya & Ibu Rumah Tangga
148,Sains Data,3.42,Perempuan,155,48,SMA,1,Tidak,Sumatera utara,Tidak bekerja,Wi-Fi pribadi,Aktif organisasi kemahasiswaan,"1,5 jt s.d 2 jt",Kos,< 1 km,Lainnya,Ibu Rumah Tangga,7 jt - 9 jt,4,Lainnya & Ibu Rumah Tangga
149,Sains Lingkungan Kelautan,3.5,Perempuan,155,52,SMA,49,Tidak,"MEDAN, SUMATERA UTARA ",Tidak bekerja,Paket Data Seluler,Aktif kegiatan akademik,500k s.d 1 jt,Kos,1 km - 2 km,Lainnya,Petani/ Nelayan,< 1jt,4,Lainnya & Petani/ Nelayan
150,Teknik Kelautan,3.5,Laki-laki,175,60,SMA,42,Ya,Sidikalang sumatera utara,Tidak bekerja,Fasilitas Kampus,Lainnya,500k s.d 1 jt,Asrama,< 1 km,Petani/ Nelayan,Petani/ Nelayan,< 1jt,7,Petani/ Nelayan & Petani/ Nelayan
153,Sains Data,3.6,Laki-laki,173,69,SMA,3,Tidak,"Depok, Jawa Barat",Tidak bekerja,Fasilitas Kampus,Tidak Aktif,"1 jt s.d 1,5 jt",Kos,1 km - 2 km,Lainnya,PNS,7 jt - 9 jt,4,Lainnya & PNS
154,Sains Data,3.4,Perempuan,155,58,SMA,3,Tidak,Bandar Lampung,Tidak bekerja,Wi-Fi pribadi,Aktif organisasi kemahasiswaan,500k s.d 1 jt,Tinggal besama orangtua,3 km - 4 km,Wiraswata,PNS,3 jt - 5jt,4,Wiraswata & PNS
155,Fisika,2.74,Perempuan,158,46,SMA,6,Tidak,"Raman Aji, Lampung Timur ",Tidak bekerja,Paket Data Seluler,Aktif organisasi kemahasiswaan,500k s.d 1 jt,Tinggal besama orangtua,3 km - 4 km,Karyawan Swasta,Ibu Rumah Tangga,1jt - 3jt,4,Karyawan Swasta & Ibu Rumah Tangga
157,Teknik Pertambangan,3.5,Laki-laki,173,76,SMA,8,Tidak,"Kotaagung, Lampung",Tidak bekerja,Paket Data Seluler,Lainnya,"1 jt s.d 1,5 jt",Kos,> 5 km,PNS,PNS,7 jt - 9 jt,6,PNS & PNS
158,Teknik Industri,3.14,Perempuan,148,45,SMA,60,Ya,Lampung,Tidak bekerja,Fasilitas Kampus,Aktif organisasi kemahasiswaan,"1 jt s.d 1,5 jt",Kos,1 km - 2 km,Wiraswata,Ibu Rumah Tangga,1jt - 3jt,5,Wiraswata & Ibu Rumah Tangga
159,Kimia,2.8,Laki-laki,169,105,SMK,8,Tidak,"Bandar Lampung, Lampung ",Tidak bekerja,Paket Data Seluler,Aktif organisasi kemahasiswaan,500k s.d 1 jt,Tinggal besama orangtua,> 5 km,Petani/ Nelayan,Ibu Rumah Tangga,< 1jt,5,Petani/ Nelayan & Ibu Rumah Tangga
160,Sains Data,3.24,Perempuan,165,65,SMA,0,Tidak,"Lampunga Selatan, Lampung",Tidak bekerja,Paket Data Seluler,Aktif organisasi kemahasiswaan,500k s.d 1 jt,Kos,> 5 km,Lainnya,Ibu Rumah Tangga,1jt - 3jt,5,Lainnya & Ibu Rumah Tangga
164,Fisika,2.6,Perempuan,160,50,SMA,14,Tidak,"Duri Kosambi, DKI Jakarta Barat",Tidak bekerja,Wi-Fi pribadi,Lainnya,500k s.d 1 jt,Kos,1 km - 2 km,Wiraswata,Wiraswata,< 1jt,3,Wiraswata & Wiraswata
165,Teknik Geofisika,4,Laki-laki,170,70,SMA,24,Tidak,"Tulang Bawang, Lampung ",Tidak bekerja,Paket Data Seluler,Tidak Aktif,500k s.d 1 jt,Kos,1 km - 2 km,PNS,Lainnya,5 jt - 7 jt,4,PNS & Lainnya
166,Sains Data,3.15,Laki-laki,171,56,SMA,3,Tidak,"Bekasi, Jawa Barat ",Tidak bekerja,Paket Data Seluler,Tidak Aktif,"1 jt s.d 1,5 jt",Kos,1 km - 2 km,Wiraswata,Ibu Rumah Tangga,< 1jt,5,Wiraswata & Ibu Rumah Tangga
169,Teknik Informatika,3.5,Perempuan,150,48,SMA,72,Tidak,"Medan, Sumatera Utara ",Tidak bekerja,Wi-Fi pribadi,Aktif organisasi kemahasiswaan,500k s.d 1 jt,Kos,< 1 km,Petani/ Nelayan,Ibu Rumah Tangga,3 jt - 5jt,5,Petani/ Nelayan & Ibu Rumah Tangga
170,Rekayasa Kosmetik,3.35,Perempuan,158,45,SMA,50,Tidak,"Toba, sumatera Utara",Tidak bekerja,Wi-Fi pribadi,Aktif organisasi kemahasiswaan,500k s.d 1 jt,Rumah mengontrak bersama-sama,< 1 km,Lainnya,Petani/ Nelayan,< 1jt,8,Lainnya & Petani/ Nelayan
171,Sains Aktuaria,4,Perempuan,161,49,SMA,3,Tidak,"Lampung Barat, Lampung",Tidak bekerja,Wi-Fi pribadi,Aktif kegiatan akademik,"1 jt s.d 1,5 jt",Kos,1 km - 2 km,PNS,PNS,5 jt - 7 jt,5,PNS & PNS
172,Sains Data,2.77,Perempuan,156,45,SMA,7,Tidak,"Serang, Banten",Tidak bekerja,Paket Data Seluler,Lainnya,500k s.d 1 jt,Rumah mengontrak Pribadi,> 5 km,Karyawan Swasta,Ibu Rumah Tangga,5 jt - 7 jt,4,Karyawan Swasta & Ibu Rumah Tangga
173,Teknik Informatika,3.5,Perempuan,150,48,SMA,72,Tidak,"Medan, Sumatera Utara ",Tidak bekerja,Wi-Fi pribadi,Aktif organisasi kemahasiswaan,500k s.d 1 jt,Kos,< 1 km,Petani/ Nelayan,Petani/ Nelayan,3 jt - 5jt,5,Petani/ Nelayan & Petani/ Nelayan
174,Sains Data,3.68,Perempuan,155,45,SMA,48,Ya,"Pringsewu, Lampung",Tidak bekerja,Paket Data Seluler,Tidak Aktif,500k s.d 1 jt,Rumah mengontrak bersama-sama,2 km - 3 km,Lainnya,Ibu Rumah Tangga,< 1jt,4,Lainnya & Ibu Rumah Tangga
175,Sains Data,3.2,Laki-laki,170,70,SMA,6,Tidak,"Painan, Sumatera Barat",Paruh Waktu,Paket Data Seluler,Aktif organisasi kemahasiswaan,"1 jt s.d 1,5 jt",Kos,1 km - 2 km,Pensiunan,Ibu Rumah Tangga,1jt - 3jt,5,Pensiunan & Ibu Rumah Tangga
176,Sains Data,3.86,Perempuan,152,45,SMA,4,Tidak,"Muara Bungo, Jambi",Tidak bekerja,Wi-Fi pribadi,Aktif organisasi kemahasiswaan,"1 jt s.d 1,5 jt",Kos,1 km - 2 km,Wiraswata,Ibu Rumah Tangga,> 9jt,8,Wiraswata & Ibu Rumah Tangga
177,Teknik Geofisika,3.4,Laki-laki,170,62,SMA,20,Tidak,lampung,Tidak bekerja,Wi-Fi pribadi,Lainnya,"1 jt s.d 1,5 jt",Kos,< 1 km,PNS,PNS,> 9jt,5,PNS & PNS
178,Rekayasa Kehutanan,3,Perempuan,147,49,SMK,4,Tidak,"Tapanuli Utara, sumatera utara",Tidak bekerja,Wi-Fi pribadi,Aktif organisasi kemahasiswaan,500k s.d 1 jt,Kos,2 km - 3 km,Petani/ Nelayan,Petani/ Nelayan,1jt - 3jt,7,Petani/ Nelayan & Petani/ Nelayan
179,Teknik Informatika,3.39,Laki-laki,170,55,SMK,7,Tidak,"Bogor, Jawa Barat",Tidak bekerja,Wi-Fi pribadi,Aktif organisasi kemahasiswaan,500k s.d 1 jt,Rumah mengontrak bersama-sama,> 5 km,Lainnya,Lainnya,1jt - 3jt,2,Lainnya & Lainnya
180,Sains Data,3.17,Perempuan,157,62,SMK,5,Tidak,"Bandar Lampung, Lampung",Tidak bekerja,Paket Data Seluler,Aktif organisasi kemahasiswaan,500k s.d 1 jt,Tinggal besama orangtua,> 5 km,Karyawan Swasta,PNS,3 jt - 5jt,5,Karyawan Swasta & PNS
181,Sains Data,3.58,Perempuan,159,64,SMA,18,Tidak,"Lampung Tengah, Lampung",Tidak bekerja,Wi-Fi pribadi,Aktif kegiatan akademik,"1 jt s.d 1,5 jt",Kos,1 km - 2 km,Petani/ Nelayan,Ibu Rumah Tangga,1jt - 3jt,4,Petani/ Nelayan & Ibu Rumah Tangga
182,Sains Data,3,Perempuan,157,44,SMA,28,Tidak,"Manna, Bengkulu",Tidak bekerja,Paket Data Seluler,Aktif organisasi kemahasiswaan,500k s.d 1 jt,Kos,1 km - 2 km,Lainnya,Ibu Rumah Tangga,1jt - 3jt,4,Lainnya & Ibu Rumah Tangga
183,Sains Data,2.97,Laki-laki,180,65,SMA,20,Tidak,"Lampung Utara, Lampung",Tidak bekerja,Paket Data Seluler,Tidak Aktif,"1,5 jt s.d 2 jt",Kos,2 km - 3 km,PNS,PNS,> 9jt,4,PNS & PNS
184,Sains Data,3.01,Perempuan,160,58,SMA,6,Tidak,"Lampung Utara,Lampung",Tidak bekerja,Paket Data Seluler,Tidak Aktif,"1 jt s.d 1,5 jt",Kos,> 5 km,Petani/ Nelayan,Ibu Rumah Tangga,1jt - 3jt,5,Petani/ Nelayan & Ibu Rumah Tangga
185,Sains Data,3.19,Laki-laki,160,45,SMA,9,Tidak,"Gunungsitoli, Sumatera Utara",Tidak bekerja,Wi-Fi pribadi,Aktif organisasi kemahasiswaan,500k s.d 1 jt,Kos,1 km - 2 km,Karyawan Swasta,PNS,3 jt - 5jt,5,Karyawan Swasta & PNS
186,Sains Data,2.5,Perempuan,159,50,SMA,10,Tidak,"Bandar Lampung, Lampung",Paruh Waktu,Wi-Fi pribadi,Tidak Aktif,500k s.d 1 jt,Tinggal besama orangtua,> 5 km,PNS,PNS,5 jt - 7 jt,3,PNS & PNS
187,Sains Data,3.38,Perempuan,153,48,SMA,15,Tidak,"Payakumbuh, Sumatera Barat",Tidak bekerja,Paket Data Seluler,Aktif organisasi kemahasiswaan,"1 jt s.d 1,5 jt",Kos,< 1 km,Karyawan Swasta,Lainnya,3 jt - 5jt,4,Karyawan Swasta & Lainnya
188,Sains Data,3.5,Perempuan,160,50,SMA,15,Tidak,"simalungun, sumatera Utara",Tidak bekerja,Wi-Fi pribadi,Aktif organisasi kemahasiswaan,"1,5 jt s.d 2 jt",Kos,1 km - 2 km,Petani/ Nelayan,Petani/ Nelayan,5 jt - 7 jt,3,Petani/ Nelayan & Petani/ Nelayan
189,Teknik Informatika,3.84,Laki-laki,164,46,SMA,2,Ya,"Padang Panjang, Sumatera Barat",Tidak bekerja,Lainnya,Tidak Aktif,500k s.d 1 jt,Kos,1 km - 2 km,Wiraswata,Ibu Rumah Tangga,1jt - 3jt,6,Wiraswata & Ibu Rumah Tangga
190,Sains Data,3.68,Laki-laki,165,45,SMA,2,Tidak,"Lampung Tengah, Lampung ",Tidak bekerja,Paket Data Seluler,Aktif kegiatan akademik,"1 jt s.d 1,5 jt",Asrama,< 1 km,Lainnya,Ibu Rumah Tangga,< 1jt,5,Lainnya & Ibu Rumah Tangga
191,Teknik Geofisika,3.4,Laki-laki,170,62,SMA,10,Tidak,lampung bandar lampung,Tidak bekerja,Wi-Fi pribadi,Tidak Aktif,"1 jt s.d 1,5 jt",Tinggal besama orangtua,3 km - 4 km,Karyawan Swasta,Karyawan Swasta,> 9jt,5,Karyawan Swasta & Karyawan Swasta
192,Sains Data,3.49,Perempuan,159,51,SMA,5,Tidak,"Pesisir Barat, Lampung",Tidak bekerja,Fasilitas Kampus,Aktif organisasi kemahasiswaan,500k s.d 1 jt,Kos,1 km - 2 km,Petani/ Nelayan,Ibu Rumah Tangga,1jt - 3jt,5,Petani/ Nelayan & Ibu Rumah Tangga
194,Sains Data,3,Laki-laki,168,60,SMA,21,Tidak,"Tangerang, Banten",Tidak bekerja,Wi-Fi pribadi,Lainnya,500k s.d 1 jt,Kos,2 km - 3 km,Karyawan Swasta,Wiraswata,3 jt - 5jt,4,Karyawan Swasta & Wiraswata
196,Fisika,3.83,Laki-laki,160,45,SMA,30,Tidak,Lampung Tengah ,Paruh Waktu,Wi-Fi pribadi,Aktif organisasi kemahasiswaan,"1 jt s.d 1,5 jt",Rumah mengontrak bersama-sama,2 km - 3 km,PNS,Ibu Rumah Tangga,7 jt - 9 jt,7,PNS & Ibu Rumah Tangga
197,Sains Data,3.5,Perempuan,145,35,SMA,14,Tidak,"Lampung Timur, Lampung ",Tidak bekerja,Wi-Fi pribadi,Tidak Aktif,500k s.d 1 jt,Kos,1 km - 2 km,Wiraswata,Ibu Rumah Tangga,1jt - 3jt,5,Wiraswata & Ibu Rumah Tangga
200,Sains Data,3.97,Laki-laki,168,75,SMA,13,Tidak,"Bandar Lampung, Lampung ",Tidak bekerja,Wi-Fi pribadi,Aktif organisasi kemahasiswaan,500k s.d 1 jt,Tinggal besama orangtua,> 5 km,Wiraswata,Ibu Rumah Tangga,5 jt - 7 jt,4,Wiraswata & Ibu Rumah Tangga
202,Sains Data,3.7,Laki-laki,175,75,SMA,3,Tidak,Bandar Lampung ,Tidak bekerja,Wi-Fi pribadi,Aktif kegiatan akademik,500k s.d 1 jt,Tinggal besama orangtua,> 5 km,Lainnya,Ibu Rumah Tangga,> 9jt,5,Lainnya & Ibu Rumah Tangga
203,Teknik Kimia,3.5,Laki-laki,165,54,SMA,1,Tidak,Bandar Lampung,Tidak bekerja,Paket Data Seluler,Aktif organisasi kemahasiswaan,"1 jt s.d 1,5 jt",Tinggal besama orangtua,> 5 km,Wiraswata,Lainnya,3 jt - 5jt,5,Wiraswata & Lainnya
206,Sains Aktuaria,3.43,Laki-laki,171,70,SMA,10,Tidak,DKI Jakarta ,Tidak bekerja,Paket Data Seluler,Aktif organisasi kemahasiswaan,"1 jt s.d 1,5 jt",Kos,1 km - 2 km,Karyawan Swasta,Ibu Rumah Tangga,> 9jt,5,Karyawan Swasta & Ibu Rumah Tangga
208,Biologi,2.75,Perempuan,152,41,SMA,2,Tidak,"bandar lampung,lampung",Tidak bekerja,Wi-Fi pribadi,Lainnya,500k s.d 1 jt,Tinggal besama orangtua,3 km - 4 km,Wiraswata,Wiraswata,5 jt - 7 jt,4,Wiraswata & Wiraswata
209,Arsitektur Lanskap,3.76,Laki-laki,180,62,SMA,1,Tidak,DKI Jakarta ,Tidak bekerja,Paket Data Seluler,Aktif organisasi kemahasiswaan,"1 jt s.d 1,5 jt",Kos,< 1 km,Karyawan Swasta,PNS,> 9jt,4,Karyawan Swasta & PNS
210,Sains Atmosfer Dan Keplanetan,2.91,Perempuan,150,48,SMA,10,Tidak,"Lampung Utara, Lampung",Tidak bekerja,Wi-Fi pribadi,Tidak Aktif,> 2 jt,Kos,1 km - 2 km,PNS,Wiraswata,> 9jt,6,PNS & Wiraswata
212,Sains Atmosfer Dan Keplanetan,3.14,Laki-laki,180,58,SMA,0,Tidak,Bogor Jawa Barat,Tidak bekerja,Paket Data Seluler,Tidak Aktif,500k s.d 1 jt,Kos,< 1 km,Lainnya,Ibu Rumah Tangga,1jt - 3jt,5,Lainnya & Ibu Rumah Tangga
215,Teknik Geologi,3.48,Perempuan,170,62,SMA,30,Tidak,"Bandar Lampung, Lampung",Tidak bekerja,Wi-Fi pribadi,Aktif organisasi kemahasiswaan,500k s.d 1 jt,Tinggal besama orangtua,1 km - 2 km,Lainnya,Ibu Rumah Tangga,3 jt - 5jt,5,Lainnya & Ibu Rumah Tangga
217,Perencanaan Wilayah Dan Kota,3.03,Perempuan,153,46,SMA,42,Ya,"Liwa, lampung barat",Tidak bekerja,Paket Data Seluler,Aktif organisasi kemahasiswaan,500k s.d 1 jt,Rumah mengontrak bersama-sama,2 km - 3 km,Petani/ Nelayan,Petani/ Nelayan,< 1jt,4,Petani/ Nelayan & Petani/ Nelayan
218,Teknik Industri,3.91,Perempuan,159,48,SMA,8,Tidak,"cilegon, banten",Tidak bekerja,Paket Data Seluler,Aktif kegiatan akademik,"1,5 jt s.d 2 jt",Kos,< 1 km,Karyawan Swasta,Ibu Rumah Tangga,> 9jt,5,Karyawan Swasta & Ibu Rumah Tangga
219,Farmasi,3.83,Perempuan,158,50,SMA,3,Tidak,"Pringsewu, Lampung ",Tidak bekerja,Paket Data Seluler,Aktif kegiatan akademik,"1,5 jt s.d 2 jt",Kos,> 5 km,Wiraswata,Ibu Rumah Tangga,5 jt - 7 jt,5,Wiraswata & Ibu Rumah Tangga
220,Sains Atmosfer Dan Keplanetan,4,Laki-laki,170,64,SMA,5,Ya,"Lampung timur,Lampung",Tidak bekerja,Fasilitas Kampus,Aktif kegiatan akademik,500k s.d 1 jt,Asrama,< 1 km,Karyawan Swasta,Ibu Rumah Tangga,1jt - 3jt,7,Karyawan Swasta & Ibu Rumah Tangga
221,Sains Aktuaria,3.06,Laki-laki,174,79,SMA,4,Tidak,"Palembang, Sumatera Selatan",Tidak bekerja,Wi-Fi pribadi,Tidak Aktif,500k s.d 1 jt,Kos,< 1 km,Pensiunan,Ibu Rumah Tangga,1jt - 3jt,4,Pensiunan & Ibu Rumah Tangga
223,Sains Aktuaria,3.89,Perempuan,150,52,SMA,20,Tidak,"Way Kanan, Lampung",Tidak bekerja,Paket Data Seluler,Aktif organisasi kemahasiswaan,"1,5 jt s.d 2 jt",Kos,< 1 km,Pensiunan,PNS,7 jt - 9 jt,6,Pensiunan & PNS
224,Sains Aktuaria,3.5,Perempuan,163,54,SMA,4,Tidak,"Palembang, Sumatera Selatan ",Tidak bekerja,Paket Data Seluler,Tidak Aktif,500k s.d 1 jt,Kos,< 1 km,Lainnya,Ibu Rumah Tangga,1jt - 3jt,4,Lainnya & Ibu Rumah Tangga
226,Teknik Kimia,3.7,Perempuan,155,40,SMA,9,Ya,"Bandar Lampung, Lampung ",Tidak bekerja,Fasilitas Kampus,Aktif organisasi kemahasiswaan,500k s.d 1 jt,Tinggal besama orangtua,> 5 km,Wiraswata,Ibu Rumah Tangga,1jt - 3jt,5,Wiraswata & Ibu Rumah Tangga
228,Sains Aktuaria,3.7,Laki-laki,168,61,SMA,7,Tidak,Sumatera Utara,Tidak bekerja,Paket Data Seluler,Lainnya,500k s.d 1 jt,Rumah mengontrak bersama-sama,2 km - 3 km,Lainnya,Lainnya,1jt - 3jt,6,Lainnya & Lainnya
229,Sains Data,3.45,Laki-laki,171,51,SMA,9,Tidak,"Telukdalam Nias Selatan, Sumatera Utara",Tidak bekerja,Fasilitas Kampus,Aktif organisasi kemahasiswaan,500k s.d 1 jt,Asrama,< 1 km,Wiraswata,Ibu Rumah Tangga,< 1jt,5,Wiraswata & Ibu Rumah Tangga
230,Sains Data,2.83,Laki-laki,161,55,SMA,35,Tidak,"Tangerang, Banten",Paruh Waktu,Wi-Fi pribadi,Aktif organisasi kemahasiswaan,"1 jt s.d 1,5 jt",Rumah mengontrak bersama-sama,3 km - 4 km,Lainnya,Lainnya,5 jt - 7 jt,5,Lainnya & Lainnya
231,Teknik Fisika,2.98,Laki-laki,165,58,SMA,32,Tidak,"Bengkulu Selatan, Bengkulu ",Tidak bekerja,Wi-Fi pribadi,Aktif organisasi kemahasiswaan,> 2 jt,Rumah mengontrak bersama-sama,2 km - 3 km,Petani/ Nelayan,PNS,3 jt - 5jt,6,Petani/ Nelayan & PNS
233,Sains Data,3.42,Laki-laki,175,60,SMK,5,Tidak,"Kota Bekasi, Jawa Barat",Tidak bekerja,Paket Data Seluler,Aktif organisasi kemahasiswaan,500k s.d 1 jt,Tinggal besama orangtua,> 5 km,Lainnya,Ibu Rumah Tangga,1jt - 3jt,4,Lainnya & Ibu Rumah Tangga
234,Sains Aktuaria,3.33,Perempuan,153,53,SMA,15,Tidak,"Pesawaran, Lampung ",Tidak bekerja,Paket Data Seluler,Aktif organisasi kemahasiswaan,500k s.d 1 jt,Rumah mengontrak bersama-sama,< 1 km,Petani/ Nelayan,Ibu Rumah Tangga,< 1jt,4,Petani/ Nelayan & Ibu Rumah Tangga
238,Biologi,3.55,Perempuan,155,40,SMA,2,Ya,"SMA Negeri 1 Purbolinggo, kab. Lampunh timur, Lampung",Tidak bekerja,Paket Data Seluler,Aktif organisasi kemahasiswaan,500k s.d 1 jt,Kos,1 km - 2 km,Petani/ Nelayan,Ibu Rumah Tangga,< 1jt,4,Petani/ Nelayan & Ibu Rumah Tangga
240,Teknik Biosistem,3.19,Perempuan,152,50,SMA,48,Tidak,"Sibolga, Sumatera Utara",Tidak bekerja,Paket Data Seluler,Aktif kegiatan akademik,500k s.d 1 jt,Rumah mengontrak bersama-sama,2 km - 3 km,Wiraswata,Ibu Rumah Tangga,< 1jt,7,Wiraswata & Ibu Rumah Tangga
241,Sains Atmosfer Dan Keplanetan,3.17,Perempuan,149,50,SMA,3,Tidak,"Karawang, Jawa Barat",Tidak bekerja,Paket Data Seluler,Lainnya,"1 jt s.d 1,5 jt",Kos,1 km - 2 km,Karyawan Swasta,PNS,> 9jt,6,Karyawan Swasta & PNS
245,Teknik Fisika,3.57,Laki-laki,159,51,SMA,4,Ya,"Lampung tengah, Lampung",Tidak bekerja,Fasilitas Kampus,Aktif organisasi kemahasiswaan,500k s.d 1 jt,Kos,1 km - 2 km,Lainnya,Ibu Rumah Tangga,1jt - 3jt,6,Lainnya & Ibu Rumah Tangga
246,Sains Data,2.4,Laki-laki,171,80,SMA,1,Tidak,"Bandar Lampung, Lampung",Tidak bekerja,Wi-Fi pribadi,Tidak Aktif,500k s.d 1 jt,Tinggal besama orangtua,> 5 km,Wiraswata,PNS,1jt - 3jt,5,Wiraswata & PNS
247,Sains Atmosfer Dan Keplanetan,2.47,Laki-laki,168,52,SMA,5,Tidak,Lampung,Tidak bekerja,Fasilitas Kampus,Tidak Aktif,500k s.d 1 jt,Kos,1 km - 2 km,Lainnya,Ibu Rumah Tangga,1jt - 3jt,4,Lainnya & Ibu Rumah Tangga
250,Teknik Kimia,3.74,Laki-laki,168,78,SMA,2,Ya,"Medan, Sumatera Utara",Tidak bekerja,Paket Data Seluler,Aktif organisasi kemahasiswaan,500k s.d 1 jt,Kos,2 km - 3 km,Pensiunan,Wiraswata,1jt - 3jt,4,Pensiunan & Wiraswata
251,Sains Aktuaria,3.58,Laki-laki,182,80,SMA,5,Tidak,"Jakarta Selatan,Dki Jakarta",Paruh Waktu,Wi-Fi pribadi,Aktif organisasi kemahasiswaan,500k s.d 1 jt,Kos,1 km - 2 km,Lainnya,Wiraswata,< 1jt,3,Lainnya & Wiraswata
253,Arsitektur,4,Perempuan,165,74,SMA,21,Tidak,"Bandarlampung, lampung",Tidak bekerja,Wi-Fi pribadi,Tidak Aktif,500k s.d 1 jt,Tinggal besama orangtua,> 5 km,PNS,PNS,7 jt - 9 jt,4,PNS & PNS
254,Teknologi Pangan,4,Perempuan,163,47,SMA,20,Tidak,Bandar Lampung,Tidak bekerja,Wi-Fi pribadi,Tidak Aktif,500k s.d 1 jt,Tinggal besama orangtua,> 5 km,Wiraswata,Ibu Rumah Tangga,1jt - 3jt,3,Wiraswata & Ibu Rumah Tangga
255,Teknik Geomatika,4,Perempuan,165,68,SMA,15,Tidak,"Bekasi, Jawa Barat",Tidak bekerja,Wi-Fi pribadi,Aktif organisasi kemahasiswaan,"1 jt s.d 1,5 jt",Kos,1 km - 2 km,Karyawan Swasta,Ibu Rumah Tangga,5 jt - 7 jt,4,Karyawan Swasta & Ibu Rumah Tangga
256,Matematika,4,Laki-laki,165,67,SMA,70,Tidak,"Deli Serdang, Sumatera Utara",Paruh Waktu,Paket Data Seluler,Tidak Aktif,500k s.d 1 jt,Kos,3 km - 4 km,Karyawan Swasta,Ibu Rumah Tangga,1jt - 3jt,4,Karyawan Swasta & Ibu Rumah Tangga
257,Teknik Geofisika,4,Perempuan,155,38,SMA,8,Tidak,"Palembang, Sumatera Selatan",Tidak bekerja,Paket Data Seluler,Lainnya,500k s.d 1 jt,Kos,2 km - 3 km,Petani/ Nelayan,Ibu Rumah Tangga,< 1jt,2,Petani/ Nelayan & Ibu Rumah Tangga
258,Teknik Lingkungan,4,Perempuan,156,55,SMA,4,Ya,Lampung,Tidak bekerja,Paket Data Seluler,Tidak Aktif,500k s.d 1 jt,Kos,< 1 km,Lainnya,Ibu Rumah Tangga,1jt - 3jt,4,Lainnya & Ibu Rumah Tangga
259,Sains Data,2.78,Laki-laki,156,54,SMA,2,Tidak,"Bekasi, Jawa Barat",Tidak bekerja,Paket Data Seluler,Aktif organisasi kemahasiswaan,500k s.d 1 jt,Kos,2 km - 3 km,Karyawan Swasta,Ibu Rumah Tangga,3 jt - 5jt,5,Karyawan Swasta & Ibu Rumah Tangga
260,Sains Data,3.74,Laki-laki,167,55,SMA,3,Tidak,"Bukittinggi, Sumatera Barat",Tidak bekerja,Fasilitas Kampus,Aktif kegiatan akademik,"1,5 jt s.d 2 jt",Kos,< 1 km,PNS,Ibu Rumah Tangga,5 jt - 7 jt,3,PNS & Ibu Rumah Tangga
261,Sains Data,3.43,Perempuan,155,58,SMA,7,Tidak,"Jakarta pusat, dki jakarta",Tidak bekerja,Wi-Fi pribadi,Aktif organisasi kemahasiswaan,> 2 jt,Tinggal besama orangtua,> 5 km,Wiraswata,Ibu Rumah Tangga,3 jt - 5jt,5,Wiraswata & Ibu Rumah Tangga
262,Sains Data,3,Laki-laki,168,55,SMA,1,Tidak,Sumatera Selatan ,Tidak bekerja,Paket Data Seluler,Tidak Aktif,"1 jt s.d 1,5 jt",Kos,3 km - 4 km,Petani/ Nelayan,Lainnya,3 jt - 5jt,4,Petani/ Nelayan & Lainnya
263,Kimia,3.16,Perempuan,149,73,SMA,2,Tidak,"Bandar Lampung, Lampung ",Tidak bekerja,Wi-Fi pribadi,Lainnya,500k s.d 1 jt,Tinggal besama orangtua,> 5 km,Lainnya,Ibu Rumah Tangga,1jt - 3jt,6,Lainnya & Ibu Rumah Tangga
264,Sains Data,3.6,Laki-laki,173,69,SMA,3,Tidak,"Depok, Jawa Barat",Tidak bekerja,Paket Data Seluler,Tidak Aktif,"1 jt s.d 1,5 jt",Kos,1 km - 2 km,Pensiunan,PNS,7 jt - 9 jt,4,Pensiunan & PNS
265,Sains Data,3.64,Perempuan,155,48,SMA,28,Ya,"Sidomulyo, Lampung Selatan ",Tidak bekerja,Fasilitas Kampus,Lainnya,500k s.d 1 jt,Kos,< 1 km,Wiraswata,Ibu Rumah Tangga,< 1jt,5,Wiraswata & Ibu Rumah Tangga
266,Sains Data,3.89,Perempuan,160,60,SMA,9,Tidak,"Batu Bara, Sumatera Utara",Tidak bekerja,Wi-Fi pribadi,Aktif organisasi kemahasiswaan,500k s.d 1 jt,Tinggal besama orangtua,> 5 km,Petani/ Nelayan,Petani/ Nelayan,< 1jt,9,Petani/ Nelayan & Petani/ Nelayan
267,Teknologi Pangan,4,Perempuan,151,55,SMK,48,Tidak,"Way Kanan, Lampung",Tidak bekerja,Paket Data Seluler,Aktif kegiatan akademik,500k s.d 1 jt,Kos,> 5 km,PNS,PNS,1jt - 3jt,5,PNS & PNS
268,Teknologi Pangan,3.7,Perempuan,152,40,SMA,20,Tidak,"Tulang Bawang, Lampung",Tidak bekerja,Wi-Fi pribadi,Lainnya,500k s.d 1 jt,Rumah mengontrak bersama-sama,1 km - 2 km,Petani/ Nelayan,PNS,1jt - 3jt,4,Petani/ Nelayan & PNS
270,Sains Data,3.33,Perempuan,155,42,SMA,18,Tidak,"Lampung Utara, Lampung ",Tidak bekerja,Wi-Fi pribadi,Aktif organisasi kemahasiswaan,500k s.d 1 jt,Tinggal besama orangtua,> 5 km,PNS,Ibu Rumah Tangga,5 jt - 7 jt,7,PNS & Ibu Rumah Tangga
271,Sains Data,3.72,Laki-laki,170,55,SMA,20,Tidak,"Payakumbuh, Sumatera Barat ",Tidak bekerja,Paket Data Seluler,Lainnya,"1 jt s.d 1,5 jt",Rumah mengontrak bersama-sama,2 km - 3 km,Lainnya,Ibu Rumah Tangga,3 jt - 5jt,2,Lainnya & Ibu Rumah Tangga
272,Sains Data,3.07,Laki-laki,168,55,SMA,1,Tidak,Sumatera Selatan ,Tidak bekerja,Paket Data Seluler,Tidak Aktif,"1 jt s.d 1,5 jt",Kos,3 km - 4 km,Petani/ Nelayan,Ibu Rumah Tangga,3 jt - 5jt,4,Petani/ Nelayan & Ibu Rumah Tangga
273,Sains Data,3.67,Laki-laki,163,53,SMA,7,Tidak,"Bandar Lampung, Lampung ",Tidak bekerja,Wi-Fi pribadi,Aktif kegiatan akademik,500k s.d 1 jt,Tinggal besama orangtua,> 5 km,Karyawan Swasta,Karyawan Swasta,5 jt - 7 jt,5,Karyawan Swasta & Karyawan Swasta
275,Sains Atmosfer Dan Keplanetan,3.74,Laki-laki,170,55,SMA,2,Tidak,"Tangerang, Banten",Tidak bekerja,Wi-Fi pribadi,Tidak Aktif,"1 jt s.d 1,5 jt",Kos,< 1 km,Karyawan Swasta,Ibu Rumah Tangga,> 9jt,3,Karyawan Swasta & Ibu Rumah Tangga
277,Perencanaan Wilayah Dan Kota,2.8,Laki-laki,170,60,SMA,40,Tidak,"Pringsewu, lampung",Tidak bekerja,Paket Data Seluler,Aktif organisasi kemahasiswaan,500k s.d 1 jt,Rumah mengontrak bersama-sama,2 km - 3 km,Wiraswata,Ibu Rumah Tangga,3 jt - 5jt,5,Wiraswata & Ibu Rumah Tangga
278,Sains Data,3.24,Laki-laki,174,68,SMA,7,Tidak,"Kisaran, Sumatera Utara",Tidak bekerja,Paket Data Seluler,Aktif kegiatan akademik,500k s.d 1 jt,Kos,2 km - 3 km,Pensiunan,PNS,3 jt - 5jt,8,Pensiunan & PNS
279,Sains Data,3.26,Perempuan,151,55,SMA,3,Ya,"Tulang Bawang, Lampung ",Tidak bekerja,Fasilitas Kampus,Aktif organisasi kemahasiswaan,500k s.d 1 jt,Kos,1 km - 2 km,Petani/ Nelayan,Lainnya,1jt - 3jt,4,Petani/ Nelayan & Lainnya
280,Arsitektur,3.83,Perempuan,165,55,SMA,3,Tidak,"Way kanan, lampung ",Tidak bekerja,Paket Data Seluler,Aktif kegiatan akademik,500k s.d 1 jt,Rumah mengontrak Pribadi,2 km - 3 km,Lainnya,Ibu Rumah Tangga,< 1jt,4,Lainnya & Ibu Rumah Tangga
281,Sains Data,3.07,Laki-laki,165,58,SMA,5,Ya,"Dharmasraya, Sumatera Barat",Tidak bekerja,Paket Data Seluler,Aktif kegiatan akademik,500k s.d 1 jt,Kos,1 km - 2 km,Petani/ Nelayan,Ibu Rumah Tangga,1jt - 3jt,4,Petani/ Nelayan & Ibu Rumah Tangga
284,Sains Atmosfer Dan Keplanetan,2.6,Laki-laki,172,120,SMA,2,Tidak,"Padang, Sumatera Barat ",Tidak bekerja,Wi-Fi pribadi,Tidak Aktif,"1 jt s.d 1,5 jt",Kos,< 1 km,PNS,PNS,3 jt - 5jt,5,PNS & PNS
285,Teknik Informatika,3.8,Perempuan,160,75,SMA,40,Tidak,"Mandailing Natal, Sumatera Utara ",Tidak bekerja,Paket Data Seluler,Aktif kegiatan akademik,500k s.d 1 jt,Asrama,< 1 km,Lainnya,Petani/ Nelayan,1jt - 3jt,5,Lainnya & Petani/ Nelayan
288,Sains Data,3.28,Perempuan,162,46,SMA,35,Tidak,"Lampung Timur, Lampung ",Tidak bekerja,Paket Data Seluler,Lainnya,500k s.d 1 jt,Rumah mengontrak Pribadi,> 5 km,Wiraswata,Wiraswata,1jt - 3jt,5,Wiraswata & Wiraswata
289,Teknik Geofisika,3.5,Laki-laki,173,68,SMA,30,Tidak,"Lampung Selatan, Lampung ",Tidak bekerja,Wi-Fi pribadi,Tidak Aktif,"1 jt s.d 1,5 jt",Kos,1 km - 2 km,Wiraswata,Ibu Rumah Tangga,3 jt - 5jt,6,Wiraswata & Ibu Rumah Tangga
291,Matematika,4,Perempuan,160,63,SMA,6,Tidak,"Kalirejo, Lampung Tengah ",Tidak bekerja,Paket Data Seluler,Tidak Aktif,500k s.d 1 jt,Kos,< 1 km,Wiraswata,Ibu Rumah Tangga,1jt - 3jt,5,Wiraswata & Ibu Rumah Tangga
292,Sains Data,3.58,Perempuan,156,45,SMA,14,Tidak,"Asahan, Sumatera Utara ",Tidak bekerja,Paket Data Seluler,Lainnya,500k s.d 1 jt,Rumah mengontrak Pribadi,3 km - 4 km,Wiraswata,Ibu Rumah Tangga,3 jt - 5jt,5,Wiraswata & Ibu Rumah Tangga
293,Sains Data,2.89,Perempuan,158,60,SMA,3,Tidak,"Metro, Lampung",Tidak bekerja,Paket Data Seluler,Aktif organisasi kemahasiswaan,"1,5 jt s.d 2 jt",Kos,< 1 km,Lainnya,Ibu Rumah Tangga,1jt - 3jt,3,Lainnya & Ibu Rumah Tangga
295,Fisika,3.18,Laki-laki,165,53,SMA,6,Tidak,"Tulang Bawang Barat, lampung",Tidak bekerja,Wi-Fi pribadi,Lainnya,500k s.d 1 jt,Tinggal besama orangtua,2 km - 3 km,Lainnya,PNS,5 jt - 7 jt,5,Lainnya & PNS
296,Desain Komunikasi Visual,4,Perempuan,148,52,SMA,0,Tidak,"Way Kanan, Lampung ",Tidak bekerja,Paket Data Seluler,Aktif kegiatan akademik,"1,5 jt s.d 2 jt",Kos,> 5 km,Lainnya,Ibu Rumah Tangga,1jt - 3jt,4,Lainnya & Ibu Rumah Tangga
297,Teknik Elektro,3,Laki-laki,165,42,SMA,20,Ya,"Payakumbuh, Sumatera Barat ",Tidak bekerja,Wi-Fi pribadi,Aktif organisasi kemahasiswaan,500k s.d 1 jt,Kos,< 1 km,Petani/ Nelayan,Ibu Rumah Tangga,< 1jt,4,Petani/ Nelayan & Ibu Rumah Tangga
298,Desain Komunikasi Visual,4,Perempuan,153,40,SMA,29,Tidak,Padang Sumatera Barat ,Tidak bekerja,Paket Data Seluler,Lainnya,500k s.d 1 jt,Kos,1 km - 2 km,PNS,PNS,3 jt - 5jt,4,PNS & PNS
300,Teknik Informatika,3.8,Perempuan,160,75,SMA,40,Tidak,"Mandailing Natal, Sumatera Utara ",Tidak bekerja,Paket Data Seluler,Aktif kegiatan akademik,500k s.d 1 jt,Asrama,< 1 km,Lainnya,Petani/ Nelayan,1jt - 3jt,5,Lainnya & Petani/ Nelayan
302,Teknologi Industri Pertanian,3.29,Perempuan,161,52,SMA,20,Ya,"Medan, Sumatera Utara",Tidak bekerja,Wi-Fi pribadi,Aktif kegiatan akademik,"1,5 jt s.d 2 jt",Tinggal besama orangtua,1 km - 2 km,Lainnya,Ibu Rumah Tangga,< 1jt,4,Lainnya & Ibu Rumah Tangga
303,Kimia,3.75,Laki-laki,168,46,SMK,6,Ya,"Cilegon, Banten",Tidak bekerja,Fasilitas Kampus,Lainnya,500k s.d 1 jt,Kos,> 5 km,Lainnya,Ibu Rumah Tangga,< 1jt,10,Lainnya & Ibu Rumah Tangga
305,Sains Data,3.35,Perempuan,155,80,SMA,3,Tidak,"Rokan Hilir, Riau",Tidak bekerja,Paket Data Seluler,Tidak Aktif,"1,5 jt s.d 2 jt",Kos,2 km - 3 km,Wiraswata,Ibu Rumah Tangga,3 jt - 5jt,7,Wiraswata & Ibu Rumah Tangga
307,Kimia,3.21,Perempuan,148,41,SMA,7,Tidak,"Pesawaran, Lampung ",Tidak bekerja,Paket Data Seluler,Tidak Aktif,500k s.d 1 jt,Rumah mengontrak bersama-sama,2 km - 3 km,Lainnya,Ibu Rumah Tangga,< 1jt,3,Lainnya & Ibu Rumah Tangga
310,Sains Data,3.47,Perempuan,149,40,SMA,2,Tidak,bandar lampung,Tidak bekerja,Wi-Fi pribadi,Aktif organisasi kemahasiswaan,500k s.d 1 jt,Tinggal besama orangtua,> 5 km,Karyawan Swasta,PNS,5 jt - 7 jt,5,Karyawan Swasta & PNS
311,Sains Data,3.4,Laki-laki,177,75,SMA,28,Tidak,"Tanggamus, Lampung ",Tidak bekerja,Wi-Fi pribadi,Tidak Aktif,500k s.d 1 jt,Kos,2 km - 3 km,Karyawan Swasta,Ibu Rumah Tangga,3 jt - 5jt,4,Karyawan Swasta & Ibu Rumah Tangga
312,Teknik Biomedis,2.98,Perempuan,157,90,SMA,5,Tidak,"Depok, Jawa Barat",Tidak bekerja,Paket Data Seluler,Aktif organisasi kemahasiswaan,500k s.d 1 jt,Kos,> 5 km,Lainnya,Ibu Rumah Tangga,1jt - 3jt,6,Lainnya & Ibu Rumah Tangga
315,Pariwisata,3.65,Perempuan,165,50,SMK,15,Tidak,"Batam, Kepulauan Riau",Tidak bekerja,Paket Data Seluler,Aktif organisasi kemahasiswaan,"1 jt s.d 1,5 jt",Kos,1 km - 2 km,Wiraswata,Ibu Rumah Tangga,1jt - 3jt,6,Wiraswata & Ibu Rumah Tangga
319,Teknologi Pangan,3.5,Perempuan,160,58,SMA,30,Tidak,"Bandar Lampung, Lampung",Tidak bekerja,Wi-Fi pribadi,Lainnya,500k s.d 1 jt,Tinggal besama orangtua,> 5 km,Wiraswata,Lainnya,1jt - 3jt,4,Wiraswata & Lainnya
320,Sains Data,3.79,Laki-laki,175,80,SMA,12,Tidak,"Batam, Kepulauan Riau",Tidak bekerja,Wi-Fi pribadi,Aktif organisasi kemahasiswaan,"1 jt s.d 1,5 jt",Kos,2 km - 3 km,Lainnya,Ibu Rumah Tangga,3 jt - 5jt,5,Lainnya & Ibu Rumah Tangga
321,Kimia,3.94,Perempuan,150,50,SMA,10,Ya,Lampung ,Tidak bekerja,Wi-Fi pribadi,Tidak Aktif,"1 jt s.d 1,5 jt",Kos,1 km - 2 km,Petani/ Nelayan,Ibu Rumah Tangga,3 jt - 5jt,4,Petani/ Nelayan & Ibu Rumah Tangga
322,Sains Data,3.69,Laki-laki,180,84,SMA,4,Tidak,"Padang, Sumatera Barat",Tidak bekerja,Fasilitas Kampus,Aktif kegiatan akademik,500k s.d 1 jt,Rumah mengontrak bersama-sama,1 km - 2 km,Petani/ Nelayan,Lainnya,1jt - 3jt,5,Petani/ Nelayan & Lainnya
323,Teknik Lingkungan,3.67,Perempuan,157,64,SMA,4,Ya,Sumatera Utara,Tidak bekerja,Wi-Fi pribadi,Aktif organisasi kemahasiswaan,"1 jt s.d 1,5 jt",Kos,1 km - 2 km,Petani/ Nelayan,Petani/ Nelayan,< 1jt,6,Petani/ Nelayan & Petani/ Nelayan
324,Desain Komunikasi Visual,4,Perempuan,160,48,SMA,32,Tidak,Jambi ,Tidak bekerja,Paket Data Seluler,Tidak Aktif,> 2 jt,Kos,1 km - 2 km,Wiraswata,Wiraswata,> 9jt,7,Wiraswata & Wiraswata
325,Teknik Informatika,3.5,Perempuan,154,48,SMA,3,Ya,"Palembang, Sumatera Selatan",Tidak bekerja,Fasilitas Kampus,Aktif kegiatan akademik,500k s.d 1 jt,Kos,1 km - 2 km,Petani/ Nelayan,Ibu Rumah Tangga,< 1jt,4,Petani/ Nelayan & Ibu Rumah Tangga
326,Teknik Material,3.33,Laki-laki,168,52,SMA,14,Tidak,"Solok, Sumatera Barat",Tidak bekerja,Paket Data Seluler,Aktif organisasi kemahasiswaan,500k s.d 1 jt,Asrama,< 1 km,Lainnya,PNS,3 jt - 5jt,2,Lainnya & PNS
327,Teknik Biomedis,2.89,Laki-laki,165,62,SMA,6,Tidak,"Cirebon, Jawa Barat",Tidak bekerja,Paket Data Seluler,Aktif organisasi kemahasiswaan,> 2 jt,Kos,< 1 km,Wiraswata,Ibu Rumah Tangga,> 9jt,5,Wiraswata & Ibu Rumah Tangga
328,Sains Aktuaria,3.53,Laki-laki,164,75,SMA,6,Tidak,"Bekasi, Jawa Barat ",Tidak bekerja,Wi-Fi pribadi,Aktif organisasi kemahasiswaan,"1 jt s.d 1,5 jt",Kos,< 1 km,Pensiunan,Ibu Rumah Tangga,3 jt - 5jt,4,Pensiunan & Ibu Rumah Tangga
329,Farmasi,2.9,Laki-laki,171,65,SMA,4,Tidak,"Medan, sumatera Utara ",Paruh Waktu,Wi-Fi pribadi,Aktif kegiatan akademik,500k s.d 1 jt,Tinggal besama orangtua,> 5 km,Wiraswata,Karyawan Swasta,> 9jt,4,Wiraswata & Karyawan Swasta
332,Farmasi,3.21,Perempuan,146,50,SMA,24,Tidak,"Palembang, Sumatera Selatan",Tidak bekerja,Fasilitas Kampus,Aktif organisasi kemahasiswaan,"1 jt s.d 1,5 jt",Kos,2 km - 3 km,Karyawan Swasta,PNS,3 jt - 5jt,6,Karyawan Swasta & PNS
333,Sains Aktuaria,4,Perempuan,155,42,SMA,20,Tidak,"Lampung Tengah, Lampung",Tidak bekerja,Fasilitas Kampus,Tidak Aktif,500k s.d 1 jt,Kos,1 km - 2 km,Petani/ Nelayan,Ibu Rumah Tangga,< 1jt,4,Petani/ Nelayan & Ibu Rumah Tangga
334,Farmasi,3.64,Laki-laki,170,98,SMA,4,Tidak,"Metro, Lampung",Tidak bekerja,Wi-Fi pribadi,Tidak Aktif,500k s.d 1 jt,Kos,1 km - 2 km,Lainnya,Lainnya,3 jt - 5jt,4,Lainnya & Lainnya
336,Teknik Informatika,3.76,Laki-laki,164,101,SMA,18,Tidak,"Bandar Lampung, Lampung",Tidak bekerja,Wi-Fi pribadi,Aktif organisasi kemahasiswaan,500k s.d 1 jt,Tinggal besama orangtua,> 5 km,Lainnya,Ibu Rumah Tangga,< 1jt,4,Lainnya & Ibu Rumah Tangga
337,Teknologi Pangan,3.5,Perempuan,160,58,SMA,4,Tidak,"Bandar Lampung, Lampung",Tidak bekerja,Wi-Fi pribadi,Lainnya,500k s.d 1 jt,Tinggal besama orangtua,> 5 km,Wiraswata,Lainnya,1jt - 3jt,4,Wiraswata & Lainnya
338,Kimia,3.94,Perempuan,150,50,SMA,8,Ya,Lampung ,Tidak bekerja,Wi-Fi pribadi,Tidak Aktif,"1 jt s.d 1,5 jt",Kos,1 km - 2 km,Petani/ Nelayan,Ibu Rumah Tangga,3 jt - 5jt,4,Petani/ Nelayan & Ibu Rumah Tangga
340,Teknik Biomedis,3.41,Laki-laki,158,48,SMA,68,Tidak,"Ogan Komering Ulu Timur, Sumatera Selatan ",Tidak bekerja,Paket Data Seluler,Lainnya,500k s.d 1 jt,Kos,1 km - 2 km,Petani/ Nelayan,Lainnya,1jt - 3jt,6,Petani/ Nelayan & Lainnya
341,Teknik Geologi,3.5,Laki-laki,170,50,SMA,56,Ya,lampung,Tidak bekerja,Lainnya,Tidak Aktif,500k s.d 1 jt,Kos,2 km - 3 km,Petani/ Nelayan,Lainnya,1jt - 3jt,4,Petani/ Nelayan & Lainnya
342,Perencanaan Wilayah Dan Kota,2.97,Perempuan,153,39,SMA,24,Ya,"Payakumbuh, Sumatera Barat",Tidak bekerja,Paket Data Seluler,Aktif organisasi kemahasiswaan,500k s.d 1 jt,Kos,1 km - 2 km,Lainnya,Ibu Rumah Tangga,1jt - 3jt,6,Lainnya & Ibu Rumah Tangga
344,Teknik Biomedis,3.01,Perempuan,145,35,SMA,1,Tidak,"Lampung Tengah, Lampung",Tidak bekerja,Wi-Fi pribadi,Aktif organisasi kemahasiswaan,"1 jt s.d 1,5 jt",Kos,< 1 km,Lainnya,PNS,3 jt - 5jt,5,Lainnya & PNS
345,Teknik Biomedis,2.9,Perempuan,158,40,SMK,8,Tidak,"Semarang, Jawa Tengah ",Tidak bekerja,Paket Data Seluler,Lainnya,500k s.d 1 jt,Kos,3 km - 4 km,Karyawan Swasta,Ibu Rumah Tangga,1jt - 3jt,5,Karyawan Swasta & Ibu Rumah Tangga
346,Teknologi Pangan,3.33,Perempuan,156,45,SMA,3,Tidak,"Bukittinggi, Sumatera barat",Tidak bekerja,Wi-Fi pribadi,Aktif organisasi kemahasiswaan,"1 jt s.d 1,5 jt",Kos,< 1 km,Petani/ Nelayan,Wiraswata,1jt - 3jt,5,Petani/ Nelayan & Wiraswata
347,Teknik Pertambangan,3.6,Perempuan,157,59,SMA,5,Ya,"Padang, Sumatera Barat ",Tidak bekerja,Paket Data Seluler,Lainnya,"1,5 jt s.d 2 jt",Kos,1 km - 2 km,Petani/ Nelayan,Ibu Rumah Tangga,1jt - 3jt,6,Petani/ Nelayan & Ibu Rumah Tangga
348,Sains Data,3.22,Laki-laki,170,58,SMA,3,Ya,"Lampung Tengah, Lampung ",Tidak bekerja,Wi-Fi pribadi,Aktif kegiatan akademik,500k s.d 1 jt,Tinggal besama orangtua,2 km - 3 km,Wiraswata,Ibu Rumah Tangga,< 1jt,4,Wiraswata & Ibu Rumah Tangga
349,Sains Data,3.95,Perempuan,157,45,SMA,5,Tidak,"Pagar Alam, Sumatera selatan ",Tidak bekerja,Wi-Fi pribadi,Aktif kegiatan akademik,> 2 jt,Rumah mengontrak bersama-sama,1 km - 2 km,Petani/ Nelayan,Ibu Rumah Tangga,5 jt - 7 jt,4,Petani/ Nelayan & Ibu Rumah Tangga
350,Teknik Biomedis,3.53,Perempuan,167,52,SMA,19,Tidak,"Payakumbuh, Sumatera Barat ",Tidak bekerja,Lainnya,Aktif organisasi kemahasiswaan,500k s.d 1 jt,Kos,3 km - 4 km,Pensiunan,Pensiunan,1jt - 3jt,5,Pensiunan & Pensiunan
351,Sains Data,3.01,Laki-laki,183,85,SMA,5,Tidak,"Krui,Pesisir Barat, Lampung",Tidak bekerja,Fasilitas Kampus,Lainnya,500k s.d 1 jt,Kos,1 km - 2 km,Lainnya,Lainnya,1jt - 3jt,2,Lainnya & Lainnya
354,Sains Data,3.4,Perempuan,161,57,SMA,14,Tidak,"Metro, Lampung ",Tidak bekerja,Wi-Fi pribadi,Tidak Aktif,500k s.d 1 jt,Kos,> 5 km,Wiraswata,Ibu Rumah Tangga,1jt - 3jt,3,Wiraswata & Ibu Rumah Tangga
355,Teknik Informatika,3.5,Perempuan,160,45,SMA,10,Ya,"Padang Panjang, Sumatera Barat",Tidak bekerja,Paket Data Seluler,Lainnya,500k s.d 1 jt,Kos,1 km - 2 km,Petani/ Nelayan,Lainnya,< 1jt,4,Petani/ Nelayan & Lainnya
356,Teknik Sipil,3.08,Laki-laki,167,55,SMK,25,Ya,"Padang, Sumatera Barat",Paruh Waktu,Wi-Fi pribadi,Tidak Aktif,500k s.d 1 jt,Rumah mengontrak bersama-sama,3 km - 4 km,Lainnya,Ibu Rumah Tangga,< 1jt,5,Lainnya & Ibu Rumah Tangga
357,Teknik Pertambangan,4,Perempuan,145,37,SMA,7,Ya,"Dharmasraya, Sumatera Barat",Tidak bekerja,Paket Data Seluler,Aktif kegiatan akademik,"1 jt s.d 1,5 jt",Asrama,< 1 km,Petani/ Nelayan,Ibu Rumah Tangga,1jt - 3jt,4,Petani/ Nelayan & Ibu Rumah Tangga
358,Sains Data,3.26,Perempuan,152,38,SMA,5,Tidak,"Lampung Timur, Lampung",Tidak bekerja,Paket Data Seluler,Aktif organisasi kemahasiswaan,"1 jt s.d 1,5 jt",Kos,< 1 km,PNS,PNS,3 jt - 5jt,5,PNS & PNS
359,Pariwisata,3.6,Perempuan,160,58,SMA,15,Tidak,"kalianda,lampung selatan ",Tidak bekerja,Lainnya,Aktif organisasi kemahasiswaan,500k s.d 1 jt,Kos,> 5 km,Wiraswata,Pensiunan,1jt - 3jt,5,Wiraswata & Pensiunan
360,Farmasi,3.21,Perempuan,146,50,SMA,5,Tidak,"Palembang, Sumatera Selatan ",Tidak bekerja,Fasilitas Kampus,Aktif organisasi kemahasiswaan,"1 jt s.d 1,5 jt",Kos,2 km - 3 km,Karyawan Swasta,PNS,3 jt - 5jt,6,Karyawan Swasta & PNS
362,Teknik Industri,3.3,Laki-laki,164,67,SMA,60,Tidak,"Bandar Lampung, Lampung",Paruh Waktu,Wi-Fi pribadi,Tidak Aktif,500k s.d 1 jt,Tinggal besama orangtua,> 5 km,Lainnya,Pensiunan,> 9jt,3,Lainnya & Pensiunan
363,Teknik Biomedis,4,Perempuan,165,70,SMA,2,Tidak,"Medan, Sumatera Utara ",Tidak bekerja,Paket Data Seluler,Aktif organisasi kemahasiswaan,500k s.d 1 jt,Tinggal besama orangtua,> 5 km,Wiraswata,Ibu Rumah Tangga,1jt - 3jt,3,Wiraswata & Ibu Rumah Tangga
364,Teknik Informatika,3.87,Laki-laki,175,68,SMA,7,Ya,"Bukittinggi, Sumatera Barat",Tidak bekerja,Paket Data Seluler,Aktif organisasi kemahasiswaan,500k s.d 1 jt,Rumah mengontrak bersama-sama,1 km - 2 km,Lainnya,Lainnya,< 1jt,7,Lainnya & Lainnya
365,Teknik Biomedis,3.4,Perempuan,155,48,SMA,6,Tidak,"pasaman, sumatera barat",Tidak bekerja,Paket Data Seluler,Aktif organisasi kemahasiswaan,"1 jt s.d 1,5 jt",Kos,< 1 km,Petani/ Nelayan,Petani/ Nelayan,1jt - 3jt,4,Petani/ Nelayan & Petani/ Nelayan
367,Arsitektur,3.1,Laki-laki,172,90,SMA,5,Ya,"Lampung Timur, Lampung ",Tidak bekerja,Lainnya,Lainnya,500k s.d 1 jt,Kos,1 km - 2 km,Lainnya,Ibu Rumah Tangga,< 1jt,3,Lainnya & Ibu Rumah Tangga
369,Sains Data,2.83,Perempuan,164,46,SMA,5,Ya,"Lampung, Kota Bandar Lampung",Tidak bekerja,Paket Data Seluler,Lainnya,500k s.d 1 jt,Tinggal besama orangtua,> 5 km,Lainnya,Ibu Rumah Tangga,< 1jt,4,Lainnya & Ibu Rumah Tangga
370,Teknik Biomedis,3.4,Perempuan,155,45,SMA,20,Ya,"Ogan Komering Ilir, Sumatera Selatan",Tidak bekerja,Wi-Fi pribadi,Aktif organisasi kemahasiswaan,500k s.d 1 jt,Kos,< 1 km,Lainnya,Ibu Rumah Tangga,1jt - 3jt,5,Lainnya & Ibu Rumah Tangga
371,Sains Data,3.31,Laki-laki,161,52,SMA,14,Tidak,"Metro, Lampung",Tidak bekerja,Wi-Fi pribadi,Aktif kegiatan akademik,500k s.d 1 jt,Kos,> 5 km,Wiraswata,Ibu Rumah Tangga,< 1jt,3,Wiraswata & Ibu Rumah Tangga
372,Teknik Sipil,2.5,Perempuan,158,53,SMK,2,Tidak,"Bandar Lampung, Lampung ",Paruh Waktu,Wi-Fi pribadi,Aktif organisasi kemahasiswaan,"1 jt s.d 1,5 jt",Tinggal besama orangtua,> 5 km,Wiraswata,Ibu Rumah Tangga,3 jt - 5jt,6,Wiraswata & Ibu Rumah Tangga
373,Teknik Kelautan,2.8,Perempuan,152,47,SMA,4,Tidak,"Bekasi, Jawa Barat",Tidak bekerja,Wi-Fi pribadi,Lainnya,500k s.d 1 jt,Kos,< 1 km,Lainnya,Lainnya,> 9jt,4,Lainnya & Lainnya
374,Farmasi,3.58,Laki-laki,175,73,SMA,8,Tidak,"Lampung Timur, Lampung",Tidak bekerja,Paket Data Seluler,Lainnya,500k s.d 1 jt,Rumah mengontrak Pribadi,> 5 km,Lainnya,Lainnya,1jt - 3jt,4,Lainnya & Lainnya
375,Teknik Industri,3.05,Laki-laki,175,98,SMA,8,Tidak,"Medan, Sumatera Utara",Tidak bekerja,Paket Data Seluler,Tidak Aktif,> 2 jt,Kos,1 km - 2 km,PNS,Ibu Rumah Tangga,> 9jt,4,PNS & Ibu Rumah Tangga
377,Sains Aktuaria,3.6,Perempuan,157,46,SMA,4,Ya,Pringsewu Lampung,Paruh Waktu,Paket Data Seluler,Aktif organisasi kemahasiswaan,500k s.d 1 jt,Kos,< 1 km,Lainnya,Ibu Rumah Tangga,1jt - 3jt,3,Lainnya & Ibu Rumah Tangga
378,Sains Data,3.2,Perempuan,169,50,SMA,8,Ya,"Payakumbuh,Sumatera Barat",Tidak bekerja,Wi-Fi pribadi,Aktif kegiatan akademik,"1,5 jt s.d 2 jt",Kos,2 km - 3 km,Wiraswata,Ibu Rumah Tangga,5 jt - 7 jt,5,Wiraswata & Ibu Rumah Tangga
379,Teknik Biomedis,3.57,Perempuan,158,50,SMA,10,Tidak,"Tanah Datar, Sumatera Barat ",Tidak bekerja,Wi-Fi pribadi,Aktif organisasi kemahasiswaan,500k s.d 1 jt,Kos,< 1 km,Petani/ Nelayan,Ibu Rumah Tangga,1jt - 3jt,5,Petani/ Nelayan & Ibu Rumah Tangga
381,Sains Data,2.88,Laki-laki,170,48,SMA,5,Tidak,"Tanggamus, Lampung",Paruh Waktu,Paket Data Seluler,Tidak Aktif,500k s.d 1 jt,Kos,1 km - 2 km,Lainnya,Ibu Rumah Tangga,3 jt - 5jt,5,Lainnya & Ibu Rumah Tangga
382,Rekayasa Instrumentasi Dan Automasi,3,Laki-laki,175,55,SMK,44,Tidak,"Kota Bandar Lampung, Lampung",Tidak bekerja,Wi-Fi pribadi,Aktif kegiatan akademik,500k s.d 1 jt,Tinggal besama orangtua,> 5 km,Wiraswata,Ibu Rumah Tangga,< 1jt,5,Wiraswata & Ibu Rumah Tangga
383,Sains Data,3.67,Perempuan,153,49,SMA,2,Tidak,"Bekasi, Jawa Barat",Tidak bekerja,Wi-Fi pribadi,Aktif organisasi kemahasiswaan,"1,5 jt s.d 2 jt",Kos,1 km - 2 km,Pensiunan,Karyawan Swasta,5 jt - 7 jt,4,Pensiunan & Karyawan Swasta
384,Teknik Biomedis,3.55,Laki-laki,165,52,SMA,6,Tidak,Bandar Lampung ,Tidak bekerja,Wi-Fi pribadi,Tidak Aktif,500k s.d 1 jt,Tinggal besama orangtua,> 5 km,PNS,PNS,3 jt - 5jt,6,PNS & PNS
385,Sains Data,3.06,Laki-laki,157,48,SMA,15,Tidak,"Lampung Tengah, Lampung",Paruh Waktu,Paket Data Seluler,Aktif organisasi kemahasiswaan,500k s.d 1 jt,Asrama,< 1 km,Wiraswata,Wiraswata,1jt - 3jt,5,Wiraswata & Wiraswata
386,Sains Data,3.19,Laki-laki,171,61,SMA,4,Tidak,"Lampung Timur, Lampung",Tidak bekerja,Paket Data Seluler,Aktif organisasi kemahasiswaan,"1,5 jt s.d 2 jt",Kos,3 km - 4 km,PNS,Ibu Rumah Tangga,3 jt - 5jt,4,PNS & Ibu Rumah Tangga
388,Arsitektur,3.9,Laki-laki,190,67,SMA,70,Ya,Kota Bukittinggi profinsi Sumatera Barat,Tidak bekerja,Wi-Fi pribadi,Tidak Aktif,500k s.d 1 jt,Rumah mengontrak bersama-sama,2 km - 3 km,Ibu Rumah Tangga,Ibu Rumah Tangga,< 1jt,6,Ibu Rumah Tangga & Ibu Rumah Tangga
390,Sains Data,3.59,Perempuan,142,35,SMK,8,Ya,"Bandar Lampung, Lampung",Tidak bekerja,Wi-Fi pribadi,Aktif kegiatan akademik,500k s.d 1 jt,Tinggal besama orangtua,1 km - 2 km,PNS,Lainnya,3 jt - 5jt,5,PNS & Lainnya
391,Teknik Kelautan,2.6,Perempuan,155,53,SMA,48,Tidak,"Bukittinggi, Sumatera Barat ",Tidak bekerja,Wi-Fi pribadi,Aktif organisasi kemahasiswaan,500k s.d 1 jt,Kos,1 km - 2 km,Pensiunan,Wiraswata,< 1jt,2,Pensiunan & Wiraswata
392,Teknik Geofisika,4,Laki-laki,166,58,SMA,6,Tidak,"Rantauprapat, Sumatera Utara",Tidak bekerja,Paket Data Seluler,Aktif organisasi kemahasiswaan,500k s.d 1 jt,Kos,1 km - 2 km,Lainnya,Lainnya,5 jt - 7 jt,5,Lainnya & Lainnya
393,Teknik Lingkungan,3.4,Perempuan,157,58,SMA,7,Ya,"Salak, Sumatera Utara ",Tidak bekerja,Paket Data Seluler,Tidak Aktif,500k s.d 1 jt,Kos,1 km - 2 km,Lainnya,Petani/ Nelayan,3 jt - 5jt,5,Lainnya & Petani/ Nelayan
395,Fisika,3.3,Laki-laki,178,75,SMA,12,Tidak,Lampung,Tidak bekerja,Paket Data Seluler,Aktif organisasi kemahasiswaan,"1 jt s.d 1,5 jt",Kos,1 km - 2 km,PNS,Ibu Rumah Tangga,3 jt - 5jt,5,PNS & Ibu Rumah Tangga
396,Teknik Informatika,3.29,Laki-laki,171,60,SMK,72,Tidak,"Bandar Lampung, Lampung. ",Tidak bekerja,Wi-Fi pribadi,Tidak Aktif,500k s.d 1 jt,Tinggal besama orangtua,> 5 km,Lainnya,Ibu Rumah Tangga,1jt - 3jt,6,Lainnya & Ibu Rumah Tangga
397,Sains Data,3.54,Perempuan,162,45,SMA,30,Ya,"Toba, Sumatera Utara",Tidak bekerja,Lainnya,Lainnya,500k s.d 1 jt,Kos,< 1 km,Petani/ Nelayan,Petani/ Nelayan,< 1jt,5,Petani/ Nelayan & Petani/ Nelayan
398,Sains Data,3.4,Perempuan,155,47,SMA,2,Ya,"Lampung, Kota Bandar Lampung",Tidak bekerja,Paket Data Seluler,Aktif organisasi kemahasiswaan,"1,5 jt s.d 2 jt",Kos,< 1 km,PNS,Karyawan Swasta,> 9jt,3,PNS & Karyawan Swasta
401,Farmasi,3.5,Perempuan,161,58,SMA,8,Tidak,"Kemiling, Bandar Lampung",Tidak bekerja,Paket Data Seluler,Tidak Aktif,> 2 jt,Kos,> 5 km,Lainnya,Wiraswata,> 9jt,4,Lainnya & Wiraswata
404,Sains Data,3.43,Perempuan,150,44,SMA,1,Tidak,"Lampung Barat, Lampung",Tidak bekerja,Paket Data Seluler,Aktif organisasi kemahasiswaan,"1,5 jt s.d 2 jt",Kos,3 km - 4 km,Lainnya,Ibu Rumah Tangga,3 jt - 5jt,3,Lainnya & Ibu Rumah Tangga
407,Pariwisata,3.55,Perempuan,158,41,SMA,12,Tidak,"Bandar Lampung, Lampung",Tidak bekerja,Wi-Fi pribadi,Aktif kegiatan akademik,500k s.d 1 jt,Tinggal besama orangtua,> 5 km,Wiraswata,Ibu Rumah Tangga,1jt - 3jt,3,Wiraswata & Ibu Rumah Tangga
408,Sains Data,2.9,Laki-laki,177,55,SMA,18,Tidak,"Natar, Lampung ",Tidak bekerja,Wi-Fi pribadi,Aktif organisasi kemahasiswaan,500k s.d 1 jt,Tinggal besama orangtua,> 5 km,PNS,Ibu Rumah Tangga,3 jt - 5jt,6,PNS & Ibu Rumah Tangga
409,Sains Aktuaria,3.78,Laki-laki,170,62,SMA,1,Tidak,DKI Jakarta,Tidak bekerja,Wi-Fi pribadi,Tidak Aktif,500k s.d 1 jt,Kos,< 1 km,Karyawan Swasta,Ibu Rumah Tangga,1jt - 3jt,5,Karyawan Swasta & Ibu Rumah Tangga
412,Teknik Mesin,3.75,Laki-laki,176,67,SMA,1,Tidak,"palembang, sumatera selatan",Tidak bekerja,Wi-Fi pribadi,Aktif organisasi kemahasiswaan,500k s.d 1 jt,Kos,3 km - 4 km,PNS,Ibu Rumah Tangga,> 9jt,4,PNS & Ibu Rumah Tangga
414,Teknik Biosistem,3.5,Laki-laki,168,50,SMA,18,Ya,"Padang, Sumatera Barat ",Tidak bekerja,Paket Data Seluler,Aktif organisasi kemahasiswaan,500k s.d 1 jt,Asrama,> 5 km,Lainnya,Ibu Rumah Tangga,< 1jt,5,Lainnya & Ibu Rumah Tangga
416,Biologi,3,Perempuan,152,48,SMA,4,Tidak,LAMPUNG,Tidak bekerja,Paket Data Seluler,Lainnya,500k s.d 1 jt,Tinggal besama orangtua,> 5 km,Wiraswata,PNS,3 jt - 5jt,4,Wiraswata & PNS
417,Kimia,3.39,Perempuan,150,46,SMA,8,Ya,"Solok, Sumatera Barat",Tidak bekerja,Fasilitas Kampus,Aktif organisasi kemahasiswaan,500k s.d 1 jt,Rumah mengontrak bersama-sama,2 km - 3 km,Petani/ Nelayan,Ibu Rumah Tangga,1jt - 3jt,7,Petani/ Nelayan & Ibu Rumah Tangga
418,Fisika,3.17,Laki-laki,169,70,SMK,50,Tidak,Bandar Lampung,Paruh Waktu,Paket Data Seluler,Aktif organisasi kemahasiswaan,500k s.d 1 jt,Tinggal besama orangtua,> 5 km,Wiraswata,Ibu Rumah Tangga,3 jt - 5jt,6,Wiraswata & Ibu Rumah Tangga
420,Sains Data,3.25,Laki-laki,175,64,SMA,3,Tidak,"Kota Bandar Lampung, Lampung",Tidak bekerja,Wi-Fi pribadi,Aktif organisasi kemahasiswaan,500k s.d 1 jt,Tinggal besama orangtua,> 5 km,Karyawan Swasta,Ibu Rumah Tangga,7 jt - 9 jt,4,Karyawan Swasta & Ibu Rumah Tangga
422,Teknik Biomedis,3.7,Perempuan,164,51,SMA,4,Tidak,"palembang, sumatera selatan",Tidak bekerja,Paket Data Seluler,Aktif kegiatan akademik,> 2 jt,Kos,1 km - 2 km,Karyawan Swasta,PNS,5 jt - 7 jt,4,Karyawan Swasta & PNS
423,Teknik Pertambangan,3.5,Laki-laki,177,72,SMA,40,Tidak,"OKU TIMUR, Sumatera Selatan",Tidak bekerja,Paket Data Seluler,Aktif kegiatan akademik,500k s.d 1 jt,Rumah mengontrak bersama-sama,> 5 km,Petani/ Nelayan,Ibu Rumah Tangga,3 jt - 5jt,7,Petani/ Nelayan & Ibu Rumah Tangga
424,Teknik Sipil,4,Perempuan,170,49,SMA,4,Tidak,"Palembang, Sumatera Selatan",Tidak bekerja,Fasilitas Kampus,Tidak Aktif,500k s.d 1 jt,Kos,< 1 km,Pensiunan,Karyawan Swasta,3 jt - 5jt,4,Pensiunan & Karyawan Swasta
425,Teknik Informatika,3.66,Laki-laki,168,60,SMK,3,Tidak,"Bandar lampung, Lampung ",Tidak bekerja,Wi-Fi pribadi,Aktif organisasi kemahasiswaan,500k s.d 1 jt,Tinggal besama orangtua,> 5 km,PNS,PNS,5 jt - 7 jt,5,PNS & PNS
426,Fisika,3.48,Laki-laki,175,54,SMA,35,Ya,"Toba, Sumatera Utara",Paruh Waktu,Fasilitas Kampus,Aktif organisasi kemahasiswaan,500k s.d 1 jt,Kos,1 km - 2 km,Petani/ Nelayan,Petani/ Nelayan,< 1jt,4,Petani/ Nelayan & Petani/ Nelayan
427,Teknik Kimia,3.5,Laki-laki,172,80,SMA,5,Tidak,Lampung ,Paruh Waktu,Paket Data Seluler,Lainnya,500k s.d 1 jt,Rumah mengontrak bersama-sama,> 5 km,Wiraswata,Ibu Rumah Tangga,< 1jt,3,Wiraswata & Ibu Rumah Tangga
429,Arsitektur Lanskap,3.74,Perempuan,160,59,SMA,10,Tidak,"Toba, Sumatera Utara ",Tidak bekerja,Wi-Fi pribadi,Lainnya,500k s.d 1 jt,Rumah mengontrak bersama-sama,> 5 km,Petani/ Nelayan,Ibu Rumah Tangga,< 1jt,5,Petani/ Nelayan & Ibu Rumah Tangga
430,Teknik Geologi,3.39,Perempuan,160,43,SMA,28,Ya,"Lampung Selatan, Lampung ",Tidak bekerja,Paket Data Seluler,Lainnya,500k s.d 1 jt,Tinggal besama orangtua,> 5 km,Wiraswata,Lainnya,1jt - 3jt,3,Wiraswata & Lainnya
431,Sains Atmosfer Dan Keplanetan,3.3,Perempuan,153,50,SMA,28,Tidak,"Ogan Komering Ilir, Sumatera Selatan ",Tidak bekerja,Paket Data Seluler,Lainnya,"1,5 jt s.d 2 jt",Kos,2 km - 3 km,Wiraswata,PNS,3 jt - 5jt,3,Wiraswata & PNS
433,Arsitektur,3.2,Laki-laki,178,87,SMK,24,Tidak,"Bireuen, aceh",Tidak bekerja,Paket Data Seluler,Aktif kegiatan akademik,500k s.d 1 jt,Rumah mengontrak bersama-sama,2 km - 3 km,Lainnya,PNS,3 jt - 5jt,5,Lainnya & PNS
434,Teknik Biomedis,3.54,Perempuan,150,46,SMA,3,Tidak,"Palembang, Sumatera Selatan",Tidak bekerja,Paket Data Seluler,Aktif kegiatan akademik,"1,5 jt s.d 2 jt",Kos,> 5 km,Lainnya,Ibu Rumah Tangga,> 9jt,8,Lainnya & Ibu Rumah Tangga
435,Sains Data,3.68,Laki-laki,168,54,SMA,3,Tidak,"Bandar Lampung, Lampung",Paruh Waktu,Paket Data Seluler,Tidak Aktif,500k s.d 1 jt,Tinggal besama orangtua,2 km - 3 km,Pensiunan,Lainnya,5 jt - 7 jt,4,Pensiunan & Lainnya
445,Teknik Informatika,2.76,Laki-laki,181,88,SMA,4,Tidak,"Tangerang Selatan, Banten",Tidak bekerja,Wi-Fi pribadi,Aktif organisasi kemahasiswaan,> 2 jt,Kos,1 km - 2 km,Karyawan Swasta,Karyawan Swasta,> 9jt,4,Karyawan Swasta & Karyawan Swasta
446,Sains Atmosfer Dan Keplanetan,3.8,Laki-laki,173,51,SMA,2,Tidak,"Pariaman, Sumatera Barat ",Tidak bekerja,Paket Data Seluler,Aktif kegiatan akademik,500k s.d 1 jt,Kos,1 km - 2 km,Lainnya,Ibu Rumah Tangga,1jt - 3jt,6,Lainnya & Ibu Rumah Tangga
450,Biologi,3.78,Perempuan,155,49,SMK,7,Tidak,"Lampung, Bandar Lampung",Tidak bekerja,Wi-Fi pribadi,Lainnya,500k s.d 1 jt,Tinggal besama orangtua,> 5 km,Karyawan Swasta,Ibu Rumah Tangga,3 jt - 5jt,5,Karyawan Swasta & Ibu Rumah Tangga
453,Teknik Biomedis,3,Laki-laki,174,65,SMA,20,Tidak,"Agam, sumatera barat ",Tidak bekerja,Wi-Fi pribadi,Tidak Aktif,"1 jt s.d 1,5 jt",Kos,2 km - 3 km,Lainnya,Ibu Rumah Tangga,1jt - 3jt,9,Lainnya & Ibu Rumah Tangga
